contig_id	size	genome_id
CP037893.1	4768632	GCA_000238455.3
CP019186.1	4482117	GCA_000240905.3
CP019187.1	100629	GCA_000240905.3
CP019188.1	95279	GCA_000240905.3
CP015923.1	4841916	GCA_000271885.2
CP015924.1	4883715	GCA_000271905.2
CP140746.2	4691518	GCA_000272535.3
CP140747.1	67705	GCA_000272535.3
CP010284.2	4860892	GCA_000272835.5
CP150372.1	58519	GCA_000272835.5
CP009570.2	85837	GCA_000272835.5
CP019035.1	4609911	GCA_000335995.2
CP039502.1	4724790	GCA_000439415.2
CP039501.1	81815	GCA_000439415.2
CP016357.1	4712541	GCA_000483715.2
CP011259.2	4797172	GCA_000484195.3
CP019176.1	4751206	GCA_000486045.2
CP017728.1	4819807	GCA_000486345.2
CP017729.1	93826	GCA_000486345.2
CP019192.1	4572929	GCA_000486585.2
CP019193.1	196866	GCA_000486585.2
CP019185.1	4580689	GCA_000486725.2
CP019197.1	4648879	GCA_000486815.2
CP019184.1	4592393	GCA_000486855.2
CP019183.1	4905181	GCA_000486915.2
CP019201.1	4756014	GCA_000487015.2
CP019198.1	4879583	GCA_000487035.2
CP019200.1	34175	GCA_000487035.2
CP019199.1	59062	GCA_000487035.2
CP019181.1	4865682	GCA_000487155.2
CP019182.1	124201	GCA_000487155.2
CP149432.1	4750116	GCA_000487215.2
CP019178.1	4660922	GCA_000487255.2
CP012344.2	4752095	GCA_000487295.3
CP012345.2	49584	GCA_000487295.3
CP019177.1	4805448	GCA_000487515.2
CP017723.1	4888463	GCA_000487935.2
CP017724.1	106449	GCA_000487935.2
CP017725.1	49762	GCA_000487935.2
CP017726.1	58302	GCA_000487935.2
CP019189.1	4876720	GCA_000493295.2
CP019190.1	186451	GCA_000493295.2
CP019191.1	28662	GCA_000493295.2
CP015024.2	4798531	GCA_000494385.3
CP039496.1	4726555	GCA_000698515.2
CP039497.1	81942	GCA_000698515.2
CP039500.1	4727567	GCA_000698715.2
CP075037.1	4620577	GCA_000732045.2
CP075038.1	147099	GCA_000732045.2
CP039499.1	4727570	GCA_000748245.2
CP039498.1	4774876	GCA_000748565.2
CP026052.1	4679420	GCA_000783815.2
CP026053.1	47793	GCA_000783815.2
CP026054.1	59363	GCA_000783815.2
CP074257.1	4713725	GCA_000806805.2
CP074260.1	4806998	GCA_000806845.2
CP074259.1	4710942	GCA_000806925.2
CP074256.1	4705145	GCA_000807005.2
CP074261.1	4821039	GCA_000807035.2
CP074262.1	4762862	GCA_000807055.2
CP007211.2	4667713	GCA_000940895.2
CP007216.2	4695514	GCA_000940935.2
CP007235.2	4856438	GCA_000941015.2
CP007483.2	4731596	GCA_000963535.2
CP007540.2	4488371	GCA_000973665.2
CP007559.2	4790388	GCA_000973685.2
CP007584.2	4844415	GCA_000988525.3
CP014707.1	101118	GCA_000988525.3
LT904883.1	4758451	GCA_001048035.2
LT904854.1	4796046	GCA_001048375.2
CP140751.2	4882716	GCA_001051545.3
CP140750.2	4881897	GCA_001051625.3
CP140748.2	4882754	GCA_001051695.3
CP140749.1	4638	GCA_001051695.3
CP140742.2	4799886	GCA_001051815.3
CP140743.2	41582	GCA_001051815.3
LT904871.1	4771489	GCA_001079465.2
LT904869.1	4786155	GCA_001088345.2
LT904876.1	4757695	GCA_001095585.2
LT904882.1	4777711	GCA_001104165.2
LT904870.2	4784041	GCA_001104885.3
LT904881.1	4765548	GCA_001106745.2
LT904890.1	4781466	GCA_001118185.2
LT904887.1	4761738	GCA_001119245.2
LT904877.1	4653627	GCA_001121865.2
LT904884.1	4800835	GCA_001127485.2
LT904777.2	4782103	GCA_001135805.3
LT905088.1	4636142	GCA_001148125.2
LT905140.1	4793405	GCA_001148305.2
LT883153.1	4808702	GCA_001157245.2
LT883154.1	106706	GCA_001157245.2
LT904868.1	4843068	GCA_001163025.2
LT904875.1	4781022	GCA_001165785.2
CP026976.1	4751278	GCA_001188125.2
LT904878.1	4769894	GCA_001240865.2
LT904879.1	215515	GCA_001240865.2
LT904880.1	106516	GCA_001240865.2
LT905141.1	4648949	GCA_001317685.2
LT904893.1	4807786	GCA_001356455.2
LT904891.1	4802101	GCA_001357935.2
LT904892.1	192619	GCA_001357935.2
LT904888.1	4781948	GCA_001359015.2
LT904889.1	65273	GCA_001359015.2
LT905139.1	4783440	GCA_001360555.2
LT904852.1	4795849	GCA_001361075.2
LT904853.1	106704	GCA_001361075.2
LT904867.1	4835677	GCA_001362095.2
LT904872.1	4732489	GCA_001362135.2
LT904873.1	25340	GCA_001362135.2
LT904874.1	2090	GCA_001362135.2
LT904894.1	4807646	GCA_001362175.2
LT904895.1	106704	GCA_001362175.2
LT905142.1	4787723	GCA_001362195.2
LT904886.1	4772283	GCA_001362335.2
LT905090.1	4781957	GCA_001364695.2
LT905089.1	97394	GCA_001364695.2
LT904885.1	4723198	GCA_001367555.2
CP022500.1	4782363	GCA_001448485.2
CP022501.1	1857	GCA_001448485.2
CP022502.1	66760	GCA_001448485.2
CP022503.1	4940239	GCA_001448705.2
CP123660.1	4765911	GCA_001479685.2
CP123661.1	146005	GCA_001479685.2
CP123662.1	46121	GCA_001479685.2
CP014994.1	4834050	GCA_001535315.2
CP014995.1	109917	GCA_001535315.2
LN999997.1	5037238	GCA_001540845.1
CP014051.2	4857490	GCA_001558355.2
CP014050.2	93933	GCA_001558355.2
CP014358.1	4933574	GCA_001576255.1
CP014359.1	94075	GCA_001576255.1
CP014356.1	4916170	GCA_001576275.1
CP014357.1	93837	GCA_001576275.1
CP014536.1	4912959	GCA_001577505.1
CP014537.1	93844	GCA_001577505.1
CP053702.1	4861882	GCA_001597795.2
CP053703.1	55277	GCA_001597795.2
CP014996.1	5047093	GCA_001612515.1
CP014997.1	81966	GCA_001612515.1
CP014657.1	4704371	GCA_001620115.1
CP014658.1	160227	GCA_001620115.1
CP014659.2	4945392	GCA_001620135.2
CP014660.1	9323	GCA_001620135.2
CP014661.1	4700848	GCA_001620155.1
CP014662.1	103851	GCA_001620155.1
CP014621.2	4883499	GCA_001620205.2
CP014622.1	97041	GCA_001620205.2
CP014620.1	4676958	GCA_001620225.1
CP014663.2	4836393	GCA_001623545.2
CP014664.1	4783492	GCA_001623585.1
CP014665.1	4751034	GCA_001623625.1
CP014965.1	4799398	GCA_001623645.2
CP016864.1	104649	GCA_001623645.2
CP016865.1	104250	GCA_001623645.2
CP016866.1	4675	GCA_001623645.2
CP016867.1	3223	GCA_001623645.2
CP014666.2	4635697	GCA_001623665.2
CP014967.1	4906321	GCA_001623685.1
CP014968.1	94016	GCA_001623685.1
CP014981.1	4815208	GCA_001623705.1
CP014969.1	4936894	GCA_001623725.1
CP014970.1	94014	GCA_001623725.1
CP014982.2	4927145	GCA_001623745.2
CP014971.2	4784385	GCA_001623765.2
CP014972.2	95780	GCA_001623765.2
CP014973.1	93960	GCA_001623765.2
CP014974.1	35954	GCA_001623765.2
CP014983.1	4823793	GCA_001623775.1
CP014975.1	4933707	GCA_001623805.1
CP014976.1	94019	GCA_001623805.1
CP014979.2	4884395	GCA_001623825.2
CP014980.1	94034	GCA_001623825.2
CP014977.1	4856440	GCA_001623845.1
CP014978.1	147296	GCA_001623845.1
CP011942.1	4679487	GCA_001647045.1
CP011944.1	3372	GCA_001647045.1
CP011945.1	2096	GCA_001647045.1
CP011943.1	59372	GCA_001647045.1
CP015724.1	4791723	GCA_001647755.1
CP015725.1	210106	GCA_001647755.1
CP075141.1	4855022	GCA_001652385.2
CP075142.1	75400	GCA_001652385.2
CP016510.1	4747525	GCA_001690035.1
CP016511.1	2094	GCA_001690035.1
CP016512.1	37697	GCA_001690035.1
CP016513.1	6647	GCA_001690035.1
CP016514.1	4751447	GCA_001690055.1
CP016515.1	37697	GCA_001690055.1
CP016516.1	98998	GCA_001690055.1
CP016517.1	4751335	GCA_001690075.1
CP016518.1	37698	GCA_001690075.1
CP016519.1	6647	GCA_001690075.1
CP016520.1	92323	GCA_001690075.1
CP016530.1	4751449	GCA_001690095.1
CP016531.1	37697	GCA_001690095.1
CP016532.1	4245	GCA_001690095.1
CP016533.1	91980	GCA_001690095.1
CP016521.1	4750474	GCA_001690115.1
CP016522.1	101723	GCA_001690115.1
CP016523.1	2096	GCA_001690115.1
CP016524.1	37697	GCA_001690115.1
CP016563.1	4751227	GCA_001692495.1
CP016564.1	37697	GCA_001692495.1
CP016573.1	4751453	GCA_001692515.1
CP016574.1	2246	GCA_001692515.1
CP016575.1	37697	GCA_001692515.1
CP016579.1	4750330	GCA_001692535.1
CP016580.1	37696	GCA_001692535.1
CP016561.1	4751226	GCA_001692555.1
CP016562.1	37697	GCA_001692555.1
CP016569.1	4751746	GCA_001692575.1
CP016570.1	2246	GCA_001692575.1
CP016571.1	37697	GCA_001692575.1
CP016572.1	98999	GCA_001692575.1
CP016565.1	4751462	GCA_001692595.1
CP016566.1	2246	GCA_001692595.1
CP016567.1	37697	GCA_001692595.1
CP016568.1	98998	GCA_001692595.1
CP016576.1	4751454	GCA_001692615.1
CP016577.1	2246	GCA_001692615.1
CP016578.1	37697	GCA_001692615.1
CP016586.1	4750331	GCA_001692635.1
CP016587.1	37696	GCA_001692635.1
CP016581.1	4747526	GCA_001692655.1
CP016582.1	2094	GCA_001692655.1
CP016583.1	37697	GCA_001692655.1
CP016584.1	6647	GCA_001692655.1
CP016585.1	99473	GCA_001692655.1
CP012396.1	4680751	GCA_001705055.1
CP012397.1	116939	GCA_001705055.1
CP015157.1	4846304	GCA_001705365.1
CP015158.1	93829	GCA_001705365.1
CP074661.1	4668867	GCA_001713515.2
CP074662.1	58711	GCA_001713515.2
CP074663.1	4868432	GCA_001756025.2
CP074664.1	93960	GCA_001756025.2
CP075138.1	4881088	GCA_001831715.2
CP075139.1	123781	GCA_001831715.2
CP075137.1	4879725	GCA_001831915.2
CP075135.1	4866315	GCA_001831985.2
CP075136.1	26158	GCA_001831985.2
CP075134.1	4795558	GCA_001833225.2
CP075129.1	4863823	GCA_001833255.2
CP075130.1	137164	GCA_001833255.2
CP075131.1	26158	GCA_001833255.2
CP075127.1	4754349	GCA_001833305.2
CP075132.1	4974631	GCA_001834735.2
CP075133.1	124149	GCA_001834735.2
CP075125.1	4872383	GCA_001834965.2
CP075126.1	136500	GCA_001834965.2
CP016010.1	4833991	GCA_001890165.1
CP016011.1	67730	GCA_001890165.1
CP016012.1	4898059	GCA_001890185.1
CP016013.1	130039	GCA_001890185.1
CP016014.1	4746969	GCA_001890445.1
CP016406.1	4727126	GCA_001931555.1
CP016407.1	323122	GCA_001931555.1
CP016408.1	4728107	GCA_001931575.1
CP016409.1	322518	GCA_001931575.1
CP016410.1	4727114	GCA_001931595.1
CP016411.1	316814	GCA_001931595.1
CP016412.1	4727085	GCA_001931615.1
CP016413.1	316160	GCA_001931615.1
CP008925.1	4602439	GCA_001941405.1
CP019172.1	4777591	GCA_001952995.1
CP019173.1	81409	GCA_001952995.1
CP019196.1	4710704	GCA_001953015.1
CP019179.1	4842582	GCA_001953035.1
CP019180.1	74560	GCA_001953035.1
CP019204.1	4777591	GCA_001953675.1
CP019205.1	81408	GCA_001953675.1
CP019206.1	4777591	GCA_001953695.1
CP019207.1	81410	GCA_001953695.1
CP019116.1	4648086	GCA_001956735.1
CP016837.1	4920660	GCA_001969425.1
CP016838.1	341373	GCA_001969425.1
CP075118.1	4679535	GCA_001972545.2
CP075119.1	61453	GCA_001972545.2
CP075120.1	4679257	GCA_001972625.2
CP075121.1	61453	GCA_001972625.2
CP022003.1	4679123	GCA_001973275.2
CP022004.1	59371	GCA_001973275.2
CP075122.1	4679656	GCA_001973785.2
CP075123.1	61453	GCA_001973785.2
CP075124.1	33067	GCA_001973785.2
CP019408.1	4847468	GCA_001975245.1
CP019406.1	4693979	GCA_001975265.1
CP019403.1	4801658	GCA_001975285.1
CP019404.1	4849139	GCA_001975305.1
CP019405.1	4801835	GCA_001975325.1
CP019407.1	4777558	GCA_001975345.1
CP019409.1	4668861	GCA_001975365.1
CP019410.1	4618056	GCA_001975385.1
CP019411.1	4651794	GCA_001975405.1
CP019412.1	4566169	GCA_001975425.1
CP019413.1	4942273	GCA_001975445.1
CP019414.1	4532753	GCA_001975515.1
CP019415.1	4690402	GCA_001975555.1
CP019416.1	4691807	GCA_001975605.1
CP019417.1	4916040	GCA_001975625.1
CP019418.1	4640929	GCA_001975645.1
CP019442.1	4974856	GCA_001989635.1
CP019443.1	233802	GCA_001989635.1
CP019444.1	84565	GCA_001989635.1
CP015574.1	4938076	GCA_002119485.1
CP020825.1	4679401	GCA_002128365.1
CP020826.1	59363	GCA_002128365.1
CP020823.1	4679064	GCA_002128385.1
CP020824.1	59372	GCA_002128385.1
CP020922.1	4882599	GCA_002163995.1
CP020923.1	116677	GCA_002163995.1
CP020924.1	65419	GCA_002163995.1
CP017720.1	4716739	GCA_002196535.1
CP017721.1	280421	GCA_002196535.1
CP017722.1	7665	GCA_002196535.1
CP021909.1	4855001	GCA_002201855.1
CP021910.1	6863	GCA_002201855.1
CP022034.1	4774926	GCA_002208255.1
CP022036.1	93727	GCA_002208255.1
CP022035.1	136771	GCA_002208255.1
CP022062.2	4863143	GCA_002208965.2
CP022060.2	11782	GCA_002208965.2
CP022061.2	44561	GCA_002208965.2
CP022063.2	173817	GCA_002208965.2
CP022064.2	109170	GCA_002208965.2
CP022065.2	11366	GCA_002208965.2
CP022069.2	4916780	GCA_002209205.2
CP022066.2	3304	GCA_002209205.2
CP022067.2	4301	GCA_002209205.2
CP022068.1	19849	GCA_002209205.2
CP022070.2	4884508	GCA_002209225.2
CP022071.2	93862	GCA_002209225.2
CP022072.2	42327	GCA_002209225.2
CP019649.1	4999862	GCA_002210025.1
CP019647.1	275801	GCA_002210025.1
CP019648.1	4083	GCA_002210025.1
CP022116.1	4874915	GCA_002211565.1
CP022117.1	4822139	GCA_002211585.1
CP022118.1	416444	GCA_002211585.1
CP022119.1	30030	GCA_002211585.1
CP022135.1	4913978	GCA_002211825.1
CP022136.1	85657	GCA_002211825.1
CP022137.1	66457	GCA_002211825.1
CP022138.1	4812886	GCA_002211845.1
CP016754.1	4686254	GCA_002220345.1
CP022450.1	4779514	GCA_002224405.1
CP022451.1	222470	GCA_002224405.1
CP022452.1	60860	GCA_002224405.1
CP022453.1	38911	GCA_002224405.1
CP022454.1	17636	GCA_002224405.1
CP022467.1	4719375	GCA_002234475.1
CP022489.1	4796292	GCA_002234515.1
CP022491.1	4775303	GCA_002234735.2
CP022492.1	131583	GCA_002234735.2
CP022494.1	4850334	GCA_002234755.2
CP022495.1	236555	GCA_002234755.2
CP022490.1	4734880	GCA_002234775.1
CP022497.1	4732484	GCA_002234795.1
CP022498.1	31173	GCA_002234795.1
CP022499.1	38945	GCA_002234795.1
CP020492.1	4751926	GCA_002238275.1
CP020493.1	264914	GCA_002238275.1
CP020494.1	54067	GCA_002238275.1
CP075112.1	4796034	GCA_002265865.2
CP075113.1	4843563	GCA_002266085.2
CP075114.1	74688	GCA_002266085.2
CP075115.1	4568154	GCA_002266205.2
CP075116.1	4688242	GCA_002266325.2
CP023166.1	4792385	GCA_002290205.1
CP023167.1	254041	GCA_002290205.1
CP017232.1	4679637	GCA_002313085.1
CP017233.1	96999	GCA_002313085.1
CP017177.1	4686230	GCA_002313105.1
CP017178.1	59371	GCA_002313105.1
CP022168.1	4991167	GCA_002313125.1
CP022169.1	151609	GCA_002313125.1
CP023508.1	4588003	GCA_002386165.1
CP023512.1	4838098	GCA_002386325.1
CP022663.1	4991140	GCA_002504105.1
CP022661.1	143770	GCA_002504105.1
CP022662.1	132606	GCA_002504105.1
CP022658.1	4892239	GCA_002504125.1
CP022659.1	70062	GCA_002504125.1
CP022660.1	290957	GCA_002504125.1
CP075106.1	4806207	GCA_002507715.2
CP075108.1	4660570	GCA_002507745.2
CP075107.1	4484627	GCA_002507865.2
CP075109.1	4753965	GCA_002507875.2
CP075110.1	4800918	GCA_002507915.2
CP075111.1	101510	GCA_002507915.2
CP024165.1	4801841	GCA_002741885.1
CP024166.1	135915	GCA_002741885.1
CP024167.1	92392	GCA_002741885.1
CP024168.1	4813545	GCA_002741905.1
CP018635.1	4678113	GCA_002760915.1
CP018636.1	59373	GCA_002760915.1
CP018640.1	4679538	GCA_002760935.1
CP018641.1	59371	GCA_002760935.1
CP018642.1	4698044	GCA_002760955.1
CP018643.1	118824	GCA_002760955.1
CP018644.1	4686089	GCA_002760975.1
CP018645.1	4684909	GCA_002760995.1
CP018646.1	54796	GCA_002760995.1
CP018647.1	4699764	GCA_002761015.1
CP018655.1	4699800	GCA_002761035.1
CP018656.1	244210	GCA_002761035.1
CP018657.1	4934513	GCA_002761055.1
CP018658.1	94039	GCA_002761055.1
CP018659.1	4679309	GCA_002761075.1
CP018660.1	59370	GCA_002761075.1
CP018661.1	4679622	GCA_002761095.1
CP018662.1	51980	GCA_002761095.1
CP018663.1	59356	GCA_002761095.1
CP018633.1	4661885	GCA_002761115.1
CP018634.1	92831	GCA_002761115.1
CP018637.1	4690881	GCA_002761135.1
CP018638.1	95773	GCA_002761135.1
CP018639.1	59335	GCA_002761135.1
CP018648.1	4688972	GCA_002761155.1
CP018649.1	54541	GCA_002761155.1
CP018650.1	59372	GCA_002761155.1
CP017970.1	4593026	GCA_002761335.1
CP017971.1	4587202	GCA_002761355.1
CP017972.1	4598213	GCA_002761375.1
CP017973.1	4547966	GCA_002761395.1
CP017974.1	4773383	GCA_002761415.1
CP017975.1	4700953	GCA_002761435.1
CP017976.1	4693862	GCA_002761455.1
CP017977.1	4726140	GCA_002761475.1
CP017978.1	4655223	GCA_002761495.1
CP018651.1	4698445	GCA_002763415.1
CP018652.1	200045	GCA_002763415.1
CP018653.1	59334	GCA_002763415.1
CP018654.1	33784	GCA_002763415.1
CP017719.1	4765719	GCA_002777175.1
CP019383.1	4673894	GCA_002813935.1
CP019174.1	4805333	GCA_002863765.1
CP019175.1	94727	GCA_002863765.1
CP019202.1	4537888	GCA_002863785.1
CP019203.1	178238	GCA_002863785.1
CP025745.1	4742945	GCA_002900325.1
CP026609.1	4846817	GCA_002946375.1
CP026569.1	4679649	GCA_002946675.1
CP026570.1	96994	GCA_002946675.1
CP026700.1	4870262	GCA_002947135.1
CP026701.1	93832	GCA_002947135.1
CP026327.1	4900326	GCA_002952975.1
CP027414.1	4822237	GCA_002983965.1
CP027415.1	113066	GCA_002983965.1
CP027413.1	93832	GCA_002983965.1
CP027416.1	7927	GCA_002983965.1
CP027412.1	4776422	GCA_002984035.1
CP027411.1	232341	GCA_002984035.1
CP027410.1	4972718	GCA_002984285.1
CP027409.1	220137	GCA_002984285.1
CP026660.1	4698699	GCA_002999175.1
CP026661.1	310921	GCA_002999175.1
CP028169.1	4941290	GCA_003030105.1
CP028170.1	177712	GCA_003030105.1
CP028171.1	4277	GCA_003030105.1
CP028172.1	4636770	GCA_003030125.1
CP028173.1	50905	GCA_003030125.1
CP028174.1	33310	GCA_003030125.1
CP028175.1	5572	GCA_003030125.1
CP028196.1	4740838	GCA_003030265.1
CP028197.1	444417	GCA_003030265.1
CP028198.1	92366	GCA_003030265.1
CP028199.2	4856225	GCA_003030285.2
CP028200.2	95983	GCA_003030285.2
CP020565.1	4698556	GCA_003031835.1
CP025217.1	4840810	GCA_003031855.1
CP025218.1	4774550	GCA_003031875.1
CP025554.1	4678516	GCA_003031995.1
CP025553.1	59331	GCA_003031995.1
CP025555.1	4870262	GCA_003032015.1
CP025556.1	93832	GCA_003032015.1
CP025559.1	4685973	GCA_003032035.1
CP025557.1	59373	GCA_003032035.1
CP025558.1	30098	GCA_003032035.1
CP028729.1	4754975	GCA_003052785.2
CP029249.1	152940	GCA_003052785.2
CP020752.1	4597370	GCA_003054535.1
CP077691.1	5049049	GCA_003064165.2
CP077692.1	137180	GCA_003064165.2
CP077711.1	4896516	GCA_003064365.2
CP077693.1	5070267	GCA_003064405.2
CP077694.1	137153	GCA_003064405.2
CP077695.1	26031	GCA_003064405.2
CP077704.1	4846369	GCA_003067445.2
CP077705.1	67728	GCA_003067445.2
CP077696.1	4803137	GCA_003067765.2
CP077697.1	94857	GCA_003067765.2
CP077698.1	26030	GCA_003067765.2
CP077699.1	4875120	GCA_003067925.2
CP077700.1	136494	GCA_003067925.2
CP077701.1	26022	GCA_003067925.2
CP077702.1	4666651	GCA_003067985.2
CP077703.1	85811	GCA_003067985.2
CP077706.1	4728023	GCA_003068025.2
CP077707.1	137180	GCA_003068025.2
CP077708.1	96045	GCA_003068025.2
CP077709.1	26031	GCA_003068025.2
CP020912.1	4694308	GCA_003071485.1
CP020913.1	119867	GCA_003071485.1
CP027677.1	4887378	GCA_003071545.1
CP027678.1	284485	GCA_003071545.1
CP027679.1	177190	GCA_003071545.1
CP027680.1	10047	GCA_003071545.1
CP029036.1	4794849	GCA_003073495.1
CP029037.1	319930	GCA_003073495.1
CP029041.1	4914635	GCA_003073515.1
CP029040.1	4807052	GCA_003073535.1
CP029038.1	4766139	GCA_003073555.1
CP029035.1	4694397	GCA_003073575.1
CP029039.1	4694399	GCA_003073595.1
CP029336.1	4694373	GCA_003130605.1
CP029567.1	4900176	GCA_003177235.1
CP029568.1	5070296	GCA_003177255.1
CP029593.1	4933577	GCA_003181075.1
CP029594.1	94034	GCA_003181075.1
CP029595.1	4933522	GCA_003181155.1
CP029596.1	94001	GCA_003181155.1
CP028157.1	4668881	GCA_003184325.1
CP028156.1	56636	GCA_003184325.1
CP028155.1	60014	GCA_003184325.1
CP028151.1	4668875	GCA_003184425.1
CP028152.1	56636	GCA_003184425.1
CP028153.1	60294	GCA_003184425.1
CP028154.1	6230	GCA_003184425.1
CP140737.2	4883883	GCA_003200975.3
CP029800.1	4674190	GCA_003231095.1
CP029801.1	34063	GCA_003231095.1
CP029802.1	90137	GCA_003231095.1
CP030794.1	4685707	GCA_003312565.1
CP030795.1	33304	GCA_003312565.1
CP030796.1	59371	GCA_003312565.1
CP018219.1	4901979	GCA_003347075.1
CP018220.1	197365	GCA_003347075.1
CP023475.1	4707598	GCA_003429365.1
CP023476.1	34661	GCA_003429365.1
CP023975.1	4791341	GCA_003429465.1
CP023436.1	4682412	GCA_003515965.1
CP023437.1	60923	GCA_003515965.1
CP023438.1	51931	GCA_003515965.1
CP032194.1	4916886	GCA_003571625.1
CP032192.1	159356	GCA_003571625.1
CP032193.1	87450	GCA_003571625.1
CP074606.1	4893756	GCA_003581245.2
CP032384.1	4877387	GCA_003589785.1
CP032385.1	103514	GCA_003589785.1
CP032386.1	75390	GCA_003589785.1
CP032387.1	4844293	GCA_003589805.1
CP032388.1	124532	GCA_003589805.1
CP032389.1	36009	GCA_003589805.1
CP032390.1	4846886	GCA_003589825.1
CP032391.1	146176	GCA_003589825.1
CP032392.1	74461	GCA_003589825.1
CP032393.1	4858438	GCA_003589845.1
CP032395.1	164900	GCA_003589845.1
CP032394.1	55415	GCA_003589845.1
CP032396.1	4868095	GCA_003589865.1
CP032397.1	329264	GCA_003589865.1
CP032444.1	4732430	GCA_003590695.1
CP032445.1	89737	GCA_003590695.1
CP032449.1	4913018	GCA_003590755.1
CP032450.1	114923	GCA_003590755.1
CP032446.1	4844133	GCA_003595645.1
CP032447.1	74560	GCA_003595645.1
CP032448.1	77171	GCA_003595645.1
CP032379.1	4844213	GCA_003595725.1
CP032380.1	96567	GCA_003595725.1
CP032381.1	74562	GCA_003595725.1
CP022963.1	4728875	GCA_003606225.1
CP022964.1	67685	GCA_003606225.1
CP022965.1	86369	GCA_003606225.1
CP032622.2	4727462	GCA_003627015.2
CP032814.1	4985863	GCA_003641265.1
CP032816.1	4588222	GCA_003641285.1
CP032815.1	4985867	GCA_003641305.1
CP032817.1	4985874	GCA_003641325.1
CP032851.1	4679739	GCA_003663765.1
CP032850.1	59387	GCA_003663765.1
CP033090.1	4676321	GCA_003691385.1
CP033089.1	59373	GCA_003691385.1
CP033338.1	4689440	GCA_003710125.1
CP033339.1	104123	GCA_003710125.1
CP033344.1	4651134	GCA_003710145.1
CP033340.1	4668874	GCA_003710165.1
CP033341.1	59261	GCA_003710165.1
CP033342.1	56636	GCA_003710165.1
CP033345.1	4834056	GCA_003710185.1
CP033346.1	109917	GCA_003710185.1
CP033343.1	4709669	GCA_003710205.1
CP025094.1	4828397	GCA_003856755.1
CP034230.1	4869644	GCA_003864015.1
CP034231.1	95924	GCA_003864015.1
CP034233.1	4818442	GCA_003864035.1
CP034232.1	4759051	GCA_003864055.1
CP040699.1	4709901	GCA_003902395.2
CP028311.1	4793457	GCA_003986635.1
CP028312.1	117928	GCA_003986635.1
CP028313.1	43609	GCA_003986635.1
CP028314.1	4808419	GCA_003986655.1
CP028315.1	98989	GCA_003986655.1
CP028316.1	187594	GCA_003986655.1
CP028317.1	2096	GCA_003986655.1
CP028318.1	4884375	GCA_003986675.1
CP028319.1	94045	GCA_003986675.1
CP034717.1	4860626	GCA_003994635.1
CP034719.1	4766197	GCA_003994655.1
CP034720.1	93964	GCA_003994655.1
CP034697.1	4861251	GCA_003994675.1
CP025736.1	4867164	GCA_003999215.1
CP025737.1	99333	GCA_003999215.1
CP034968.1	4913154	GCA_004022525.1
CP034969.1	4791	GCA_004022525.1
CP033226.2	4990577	GCA_004124035.2
CP033224.2	181747	GCA_004124035.2
CP033225.2	6758	GCA_004124035.2
CP033257.2	4991162	GCA_004124055.2
CP033256.1	147918	GCA_004124055.2
CP033255.2	4957526	GCA_004124095.2
CP033253.2	149567	GCA_004124095.2
CP033254.2	60381	GCA_004124095.2
CP033348.2	4696663	GCA_004124155.2
CP033347.2	297348	GCA_004124155.2
CP033352.2	4999270	GCA_004124175.2
CP033351.2	210674	GCA_004124175.2
CP033350.2	4834516	GCA_004124195.2
CP033349.2	33309	GCA_004124195.2
CP033356.2	4733813	GCA_004124215.2
CP033353.2	255327	GCA_004124215.2
CP033354.2	41696	GCA_004124215.2
CP033355.2	61841	GCA_004124215.2
CP026713.1	4686022	GCA_004135835.1
CP026714.1	59333	GCA_004135835.1
CP025248.1	4884276	GCA_004136035.1
CP025230.1	4863437	GCA_004136055.1
CP025231.1	158213	GCA_004136055.1
CP025232.1	4774216	GCA_004136075.1
CP025233.1	60586	GCA_004136075.1
CP025234.1	4830646	GCA_004136095.1
CP025235.1	6761	GCA_004136095.1
CP025236.1	122896	GCA_004136095.1
CP025243.1	4928771	GCA_004136115.1
CP025244.1	4593	GCA_004136115.1
CP025245.1	111814	GCA_004136115.1
CP025237.1	4830765	GCA_004136135.1
CP025238.1	3605	GCA_004136135.1
CP025239.1	96768	GCA_004136135.1
CP025240.1	146581	GCA_004136135.1
CP025241.1	4859678	GCA_004136155.1
CP025242.1	98400	GCA_004136155.1
CP025246.1	4810141	GCA_004136175.1
CP025247.1	2579	GCA_004136175.1
CP030936.1	4780894	GCA_004136335.1
CP036165.1	4851542	GCA_004194605.3
CP037994.1	84511	GCA_004194605.3
CP036167.1	4924354	GCA_004194615.2
CP036168.1	4930312	GCA_004194625.2
CP036166.1	4808491	GCA_004194635.5
CP037995.1	48223	GCA_004194635.5
CP041208.1	4795996	GCA_004224885.2
CP041209.1	158212	GCA_004224885.2
CP041210.1	3605	GCA_004224885.2
CP047525.1	5002876	GCA_004323995.2
CP047526.1	249143	GCA_004323995.2
CP047529.1	4976742	GCA_004324015.2
CP047530.1	197840	GCA_004324015.2
CP047531.1	4892507	GCA_004324025.2
CP047532.1	212793	GCA_004324025.2
CP047533.1	96002	GCA_004324025.2
CP047534.1	4074	GCA_004324025.2
CP047535.1	4779995	GCA_004324035.2
CP047536.1	243126	GCA_004324035.2
CP047540.1	4972293	GCA_004324045.2
CP047541.1	232064	GCA_004324045.2
CP047542.1	4998888	GCA_004324095.2
CP047543.1	216197	GCA_004324095.2
CP047544.1	5028175	GCA_004324115.2
CP047545.1	238273	GCA_004324115.2
CP047546.1	4994555	GCA_004324125.2
CP047547.1	250477	GCA_004324125.2
CP047553.1	4996725	GCA_004324135.2
CP047554.1	213570	GCA_004324135.2
CP047550.1	4996934	GCA_004324145.2
CP047551.1	240317	GCA_004324145.2
CP047552.1	4074	GCA_004324145.2
CP047527.1	4997397	GCA_004324245.2
CP047528.1	249152	GCA_004324245.2
CP047548.1	4990411	GCA_004324275.2
CP047549.1	249152	GCA_004324275.2
CP047555.1	4997304	GCA_004324315.2
CP047556.1	256080	GCA_004324315.2
CP025280.1	4662027	GCA_004328765.1
CP025278.1	4985589	GCA_004328785.1
CP025279.1	92439	GCA_004328785.1
CP025273.1	4899128	GCA_004328805.1
CP025274.1	6761	GCA_004328805.1
CP025275.1	125113	GCA_004328805.1
CP025276.1	4622297	GCA_004328825.1
CP025277.1	266480	GCA_004328825.1
CP047522.1	4941012	GCA_004337735.2
CP047523.1	195873	GCA_004337735.2
CP047524.1	87292	GCA_004337735.2
CP047537.1	4917130	GCA_004337745.2
CP047538.1	329730	GCA_004337745.2
CP047539.1	88993	GCA_004337745.2
CP037891.1	4611179	GCA_004354225.1
CP037892.1	4819673	GCA_004354245.1
CP037894.1	4820913	GCA_004354285.1
CP037960.1	4645553	GCA_004358925.1
CP037959.1	278374	GCA_004358925.1
CP037958.1	3373	GCA_004358925.1
CP020101.1	4760321	GCA_004564195.1
CP038432.1	4890368	GCA_004683925.1
CP038433.1	94009	GCA_004683925.1
CP038434.1	4890338	GCA_004683945.1
CP038435.1	94009	GCA_004683945.1
CP038591.1	4830203	GCA_004768565.1
CP038592.1	33119	GCA_004768565.1
CP038593.1	4830242	GCA_004768585.1
CP038594.1	33103	GCA_004768585.1
CP038601.1	4804514	GCA_004768605.1
CP038602.1	30148	GCA_004768605.1
CP038603.1	6237	GCA_004768605.1
CP038604.1	5121080	GCA_004768625.1
CP038605.1	26170	GCA_004768625.1
CP038606.1	4018	GCA_004768625.1
CP038607.1	2244	GCA_004768625.1
CP038595.1	4633429	GCA_004768645.1
CP038596.1	27788	GCA_004768645.1
CP038597.1	32512	GCA_004768645.1
CP038598.1	4448	GCA_004768645.1
CP038599.1	3223	GCA_004768645.1
CP038600.1	2097	GCA_004768645.1
CP038608.1	5120648	GCA_004768665.1
CP038609.1	26170	GCA_004768665.1
CP038610.1	4018	GCA_004768665.1
CP038611.1	2244	GCA_004768665.1
CP038847.1	4854979	GCA_004792435.1
CP038848.1	93862	GCA_004792435.1
CP038849.1	4930644	GCA_004792455.1
CP039277.1	4710675	GCA_004798745.1
CP039278.1	28751	GCA_004798745.1
CP039279.1	5120962	GCA_004798765.1
CP039280.1	26170	GCA_004798765.1
CP039281.1	4018	GCA_004798765.1
CP039282.1	2244	GCA_004798765.1
CP039270.1	4905224	GCA_004798785.1
CP039271.1	324175	GCA_004798785.1
CP039272.1	29873	GCA_004798785.1
CP039273.1	6237	GCA_004798785.1
CP039274.1	4096	GCA_004798785.1
CP039275.1	3270	GCA_004798785.1
CP039276.1	2318	GCA_004798785.1
CP039463.1	4726559	GCA_004847005.1
CP039464.1	81940	GCA_004847005.1
CP039465.1	4726540	GCA_004847145.1
CP039466.1	81938	GCA_004847145.1
CP039482.1	4726558	GCA_004847345.1
CP039483.1	81939	GCA_004847345.1
CP039467.1	4726542	GCA_004847505.1
CP039468.1	81934	GCA_004847505.1
CP039469.1	4726545	GCA_004847525.1
CP039470.1	81940	GCA_004847525.1
CP039471.1	4726554	GCA_004847545.1
CP039472.1	81911	GCA_004847545.1
CP039486.1	4726556	GCA_004847565.1
CP039484.1	4726550	GCA_004847585.1
CP039485.1	81929	GCA_004847585.1
CP039473.1	4726548	GCA_004847605.1
CP039474.1	81900	GCA_004847605.1
CP039475.1	95348	GCA_004847605.1
CP039476.1	4726558	GCA_004847625.1
CP039477.1	4726558	GCA_004847745.1
CP039478.1	4726552	GCA_004847885.1
CP039479.1	81940	GCA_004847885.1
CP039480.1	4726543	GCA_004848145.1
CP039481.1	81938	GCA_004848145.1
CP039487.1	4726557	GCA_004848405.1
CP039488.1	81815	GCA_004848405.1
CP039491.1	4726555	GCA_004848545.1
CP039492.1	81941	GCA_004848545.1
CP039489.1	4726556	GCA_004848685.1
CP039490.1	131067	GCA_004848685.1
CP039493.1	4726500	GCA_004848885.1
CP039494.1	81941	GCA_004848885.1
CP039495.1	47543	GCA_004848885.1
CP039561.1	4976848	GCA_004919145.1
CP039562.1	178506	GCA_004919145.1
CP039563.1	4148	GCA_004919145.1
CP039558.1	4783087	GCA_004919165.1
CP039559.1	246505	GCA_004919165.1
CP039560.1	93838	GCA_004919165.1
CP039565.1	4815188	GCA_004919185.1
CP039566.1	93838	GCA_004919185.1
CP039564.1	4996602	GCA_004919205.1
CP039572.1	4980665	GCA_004919225.1
CP039573.1	4593	GCA_004919225.1
CP039574.1	4418	GCA_004919225.1
CP039575.1	3003	GCA_004919225.1
CP039585.1	4814945	GCA_004919265.1
CP039586.1	93927	GCA_004919265.1
CP039587.1	59143	GCA_004919265.1
CP039567.1	4815492	GCA_004919285.1
CP039568.1	93837	GCA_004919285.1
CP039569.1	4929627	GCA_004919305.1
CP039570.1	4593	GCA_004919305.1
CP039571.1	4418	GCA_004919305.1
CP039579.1	4903154	GCA_004919325.1
CP039580.1	125502	GCA_004919325.1
CP039581.1	3208	GCA_004919325.1
CP039582.1	4933557	GCA_004919345.1
CP039583.1	94000	GCA_004919345.1
CP039584.1	3208	GCA_004919345.1
CP039591.1	4942800	GCA_004919365.1
CP039592.1	93998	GCA_004919365.1
CP039593.1	4980483	GCA_004919385.1
CP039594.1	6760	GCA_004919385.1
CP039595.1	4856638	GCA_004919405.1
CP039596.1	93838	GCA_004919405.1
CP039597.1	3208	GCA_004919405.1
CP039598.1	1968	GCA_004919405.1
CP039599.1	4917230	GCA_004919425.1
CP039600.1	38266	GCA_004919425.1
CP039601.1	3751	GCA_004919425.1
CP039602.1	3374	GCA_004919425.1
CP039603.1	4819943	GCA_004919445.1
CP039604.1	90972	GCA_004919445.1
CP039605.1	38556	GCA_004919445.1
CP039606.1	4697	GCA_004919445.1
CP039607.1	4999790	GCA_004919465.1
CP039608.1	3351	GCA_004919465.1
CP039609.1	2699	GCA_004919465.1
CP039503.1	4882218	GCA_004923395.1
CP039504.1	1237	GCA_004923395.1
CP039505.1	2733	GCA_004923395.1
CP039506.1	5900	GCA_004923395.1
CP039507.1	2495	GCA_004923395.1
CP039508.1	2579	GCA_004923395.1
CP039509.1	4882236	GCA_004923415.2
CP039512.1	1240	GCA_004923415.2
CP039511.1	2733	GCA_004923415.2
CP039510.1	5900	GCA_004923415.2
CP039515.1	2450	GCA_004923415.2
CP039514.1	2498	GCA_004923415.2
CP039513.2	81615	GCA_004923415.2
CP039610.1	4995830	GCA_004941405.1
CP039588.1	4969530	GCA_005094845.1
CP039589.1	2617	GCA_005094845.1
CP039590.1	1978	GCA_005094845.1
CP039713.1	4815118	GCA_005144925.1
CP039714.1	98012	GCA_005144925.1
CP039715.1	93838	GCA_005144925.1
CP039716.1	4789195	GCA_005144945.1
CP039717.1	248353	GCA_005144945.1
CP039718.1	93838	GCA_005144945.1
CP039719.1	4976023	GCA_005144985.1
CP039720.1	4418	GCA_005144985.1
CP039854.1	4817004	GCA_005160365.1
CP039855.1	93897	GCA_005160365.1
CP039856.1	4980672	GCA_005160385.1
CP039857.1	249601	GCA_005160385.1
CP039858.1	4073	GCA_005160385.1
CP039859.1	2883	GCA_005160385.1
CP039860.1	4997600	GCA_005160405.1
CP039861.1	245375	GCA_005160405.1
CP039862.1	91904	GCA_005160405.1
CP039863.1	6306	GCA_005160405.1
CP039864.1	5310	GCA_005160405.1
CP029029.1	4634278	GCA_005166225.1
CP028131.1	4690295	GCA_005221485.1
CP028900.1	4833791	GCA_005222465.1
CP040701.1	4994320	GCA_005457265.2
CP040702.1	104768	GCA_005457265.2
CP040318.1	4908183	GCA_005537135.1
CP040319.1	47477	GCA_005537135.1
CP040320.1	3372	GCA_005537135.1
CP040379.1	4619529	GCA_005576575.1
CP040380.1	4615193	GCA_005576595.1
CP040458.1	4982919	GCA_005844025.1
CP040457.1	254752	GCA_005844025.1
CP040575.1	4813117	GCA_005885835.1
CP040574.1	84498	GCA_005885835.1
CP040562.1	4902004	GCA_005885855.1
CP040563.1	3609	GCA_005885855.1
CP040564.1	4883741	GCA_005885875.1
CP040565.1	93869	GCA_005885875.1
CP040566.1	4857789	GCA_005885895.1
CP040567.1	105670	GCA_005885895.1
CP040568.1	4965236	GCA_005885935.1
CP040569.1	94033	GCA_005885935.1
CP040644.1	4680325	GCA_005889955.1
CP040645.1	59372	GCA_005889955.1
CP040646.1	4679507	GCA_005889975.1
CP040647.1	59372	GCA_005889975.1
CP040648.1	4905849	GCA_005890095.1
CP040649.1	7180	GCA_005890095.1
CP040650.1	3095	GCA_005890095.1
CP040651.1	4925949	GCA_005890175.1
CP040652.1	84296	GCA_005890175.1
CP040653.1	3372	GCA_005890175.1
CP040700.1	4767334	GCA_005930995.1
CP040668.1	4904134	GCA_005954705.1
CP040669.1	107560	GCA_005954705.1
CP040670.1	3208	GCA_005954705.1
CP034479.1	4870261	GCA_006088735.1
CP034480.1	93832	GCA_006088735.1
CP025445.1	4763928	GCA_006165105.1
CP025447.1	4762730	GCA_006165125.1
CP025450.1	4763902	GCA_006165145.1
CP025452.1	4763930	GCA_006165165.1
CP025446.1	4794633	GCA_006165185.1
CP025448.1	4762736	GCA_006165205.1
CP025449.1	4763925	GCA_006165225.1
CP025451.1	4763929	GCA_006165245.1
CP025453.1	4841410	GCA_006165265.1
CP025454.1	4762732	GCA_006165285.1
CP025455.1	96532	GCA_006165285.1
CP039169.1	4645545	GCA_006228345.1
CP039170.1	278377	GCA_006228345.1
CP140417.1	4764049	GCA_006287295.2
CP140418.1	111473	GCA_006287295.2
CP140419.1	4633	GCA_006287295.2
CP040900.1	4813658	GCA_006351805.1
CP040901.1	93930	GCA_006351805.1
CP041011.1	4482093	GCA_006364755.1
CP041005.1	4857490	GCA_006365335.1
CP041006.1	93933	GCA_006365335.1
CP041007.1	3360	GCA_006365335.1
CP029839.1	4865212	GCA_006384195.1
CP029837.1	93657	GCA_006384195.1
CP029838.1	93798	GCA_006384195.1
CP041026.1	4968488	GCA_006385115.1
CP041027.1	190723	GCA_006385115.1
CP041028.1	4236	GCA_006385115.1
CP050833.1	4744578	GCA_006461415.2
CP050832.1	152940	GCA_006461415.2
CP041171.1	4755719	GCA_006516995.1
CP041172.1	153516	GCA_006516995.1
CP041173.1	4679929	GCA_006517015.1
CP041174.1	248746	GCA_006517015.1
CP041175.1	29337	GCA_006517015.1
CP041179.1	4775876	GCA_006517035.1
CP041180.1	236217	GCA_006517035.1
CP041176.1	4679991	GCA_006517055.1
CP041177.1	111764	GCA_006517055.1
CP041178.1	59372	GCA_006517055.1
CP041181.1	4776397	GCA_006517075.1
CP041182.1	240209	GCA_006517075.1
CP041184.1	4718314	GCA_006517135.1
CP041183.1	4752859	GCA_006517155.1
CP038233.1	4651105	GCA_006740725.1
AP019692.1	4980580	GCA_006741505.1
AP019693.1	4096	GCA_006741505.1
AP019694.1	2345	GCA_006741505.1
CP040686.1	5031277	GCA_006874805.1
CP030749.1	5052222	GCA_006969245.1
CP030029.1	4855239	GCA_007431545.1
CP032304.1	4704113	GCA_007833775.1
CP032305.1	33799	GCA_007833775.1
CP032306.1	22857	GCA_007833775.1
CP035301.1	4905039	GCA_007923125.1
CP035302.1	93876	GCA_007923125.1
CP043214.1	4751368	GCA_008124065.1
CP043215.1	165649	GCA_008124065.1
CP043216.1	37697	GCA_008124065.1
CP043222.1	4766173	GCA_008124445.1
CP043223.1	257405	GCA_008124445.1
CP043224.1	42407	GCA_008124445.1
CP043433.1	4685587	GCA_008313815.1
CP043434.1	59372	GCA_008313815.1
CP041699.1	4941329	GCA_008330205.1
CP044177.1	5139919	GCA_008727535.1
CP044178.1	44544	GCA_008727535.1
CP044179.1	35315	GCA_008727535.1
CP044180.1	106569	GCA_008727535.1
CP044200.1	4799356	GCA_008727555.1
CP044201.1	11045	GCA_008727555.1
CP044202.1	10046	GCA_008727555.1
CP044203.1	4803391	GCA_008727575.1
CP044204.1	60896	GCA_008727575.1
CP044181.1	4751364	GCA_008727595.1
CP044182.1	37696	GCA_008727595.1
CP044183.1	101684	GCA_008727595.1
CP044184.1	4856104	GCA_008727615.1
CP044185.1	49153	GCA_008727615.1
CP044186.1	4963375	GCA_008727635.1
CP044187.1	62424	GCA_008727635.1
CP044188.1	4925831	GCA_008727655.1
CP044189.1	90935	GCA_008727655.1
CP044190.1	120390	GCA_008727655.1
CP044257.1	4757321	GCA_008728495.1
CP044256.1	290830	GCA_008728495.1
CP043027.1	4740022	GCA_008807355.1
CP035915.1	4923339	GCA_008931225.1
CP035916.1	287007	GCA_008931225.1
CP035917.1	4979135	GCA_008931245.1
CP035918.1	247705	GCA_008931245.1
CP044957.1	4787290	GCA_009017295.1
CP044958.1	247576	GCA_009017295.1
CP044959.1	93838	GCA_009017295.1
CP044960.1	91139	GCA_009017295.1
CP044961.1	5004306	GCA_009017315.1
CP044962.1	126750	GCA_009017315.1
CP044963.1	4072	GCA_009017315.1
CP044964.1	3353	GCA_009017315.1
CP044965.1	1888	GCA_009017315.1
CP044966.1	1541	GCA_009017315.1
CP044967.1	4773032	GCA_009017335.1
CP044969.1	93724	GCA_009017335.1
CP044968.1	245071	GCA_009017335.1
CP045038.1	5000356	GCA_009184685.1
CP045447.1	4630202	GCA_009387895.1
CP045448.1	2989	GCA_009387895.1
CP045449.1	276739	GCA_009387895.1
CP045444.1	4631209	GCA_009388185.1
CP045445.1	2989	GCA_009388185.1
CP045446.1	276821	GCA_009388185.1
CP032490.1	4837346	GCA_009497835.1
CP032492.1	90686	GCA_009497835.1
CP032493.1	4315	GCA_009497835.1
CP032491.1	164229	GCA_009497835.1
CP032494.1	4764173	GCA_009497855.1
CP032495.1	118265	GCA_009497855.1
CP032497.1	74729	GCA_009497855.1
CP032499.1	5836	GCA_009497855.1
CP032498.1	6841	GCA_009497855.1
CP032496.1	90607	GCA_009497855.1
CP045753.1	4726706	GCA_009648715.1
CP045752.1	81815	GCA_009648715.1
CP045754.1	4726556	GCA_009648735.1
CP045755.1	81815	GCA_009648735.1
CP045756.1	99458	GCA_009648735.1
CP045757.1	4726556	GCA_009648755.1
CP045758.1	81815	GCA_009648755.1
CP045762.1	4794364	GCA_009648795.1
CP045763.1	117406	GCA_009648795.1
CP045764.1	35297	GCA_009648795.1
CP045765.1	4773	GCA_009648795.1
CP045761.1	4576555	GCA_009648815.1
CP045759.1	4726556	GCA_009648835.1
CP045760.1	81815	GCA_009648835.1
CP045831.1	4744949	GCA_009650055.1
CP045056.1	4930424	GCA_009650355.1
CP045053.1	26060	GCA_009650355.1
CP045054.1	270881	GCA_009650355.1
CP045055.1	40386	GCA_009650355.1
CP045059.1	4930422	GCA_009650375.1
CP045057.1	26057	GCA_009650375.1
CP045058.1	270878	GCA_009650375.1
CP045063.1	4930420	GCA_009650395.1
CP045060.1	26056	GCA_009650395.1
CP045061.1	270863	GCA_009650395.1
CP045062.1	40385	GCA_009650395.1
CP045945.1	4705038	GCA_009664555.1
CP045946.1	3691	GCA_009664555.1
CP045947.1	4964749	GCA_009664575.1
CP045948.1	4251	GCA_009664575.1
CP045949.1	4865665	GCA_009664595.1
CP045950.1	93865	GCA_009664595.1
CP045951.1	93769	GCA_009664595.1
CP045958.1	4692229	GCA_009664615.1
CP045959.1	329074	GCA_009664615.1
CP045952.1	5022086	GCA_009664635.1
CP045953.1	144821	GCA_009664635.1
CP045954.1	4731476	GCA_009664655.1
CP045955.1	4703625	GCA_009664795.1
CP045956.1	4642207	GCA_009664895.1
CP045957.1	41464	GCA_009664895.1
CP043662.1	4903781	GCA_009667745.1
CP043663.1	4018	GCA_009667745.1
CP043664.1	4889798	GCA_009667765.1
CP043665.1	5631	GCA_009667765.1
CP043666.1	4593	GCA_009667765.1
CP043667.1	4851336	GCA_009667835.1
CP043668.1	4593	GCA_009667835.1
CP034177.1	4724806	GCA_009667855.1
CP034178.1	81814	GCA_009667855.1
CP033360.1	4636747	GCA_009728795.1
CP033359.1	50864	GCA_009728795.1
CP033357.1	33334	GCA_009728795.1
CP033358.1	5431	GCA_009728795.1
CP033384.2	4784845	GCA_009728875.2
CP033382.2	209798	GCA_009728875.2
CP033383.2	34764	GCA_009728875.2
CP033387.2	4760689	GCA_009728895.2
CP033385.2	181814	GCA_009728895.2
CP033386.2	52902	GCA_009728895.2
CP046277.1	4611029	GCA_009729895.1
CP046278.1	5136727	GCA_009729915.1
CP046279.1	4556079	GCA_009729935.1
CP046280.1	4575198	GCA_009729955.1
CP046281.1	58747	GCA_009729955.1
CP046283.1	4884738	GCA_009729975.1
CP046282.1	94642	GCA_009729975.1
CP046284.1	87018	GCA_009729975.1
CP046291.1	4668186	GCA_009730015.1
CP046292.1	2231	GCA_009730015.1
CP046429.1	4812688	GCA_009734305.1
CP046430.1	83365	GCA_009734305.1
CP037882.1	4996832	GCA_009756475.1
CP037874.1	4817234	GCA_009756515.1
CP037873.1	93844	GCA_009756515.1
CP037877.1	4786287	GCA_009756555.1
CP037875.1	247701	GCA_009756555.1
CP037876.1	96545	GCA_009756555.1
CP037879.1	4984391	GCA_009756585.1
CP037878.1	6760	GCA_009756585.1
CP047115.1	5013113	GCA_009806735.1
CP047116.1	190174	GCA_009806735.1
CP041973.1	4690706	GCA_009884355.1
CP041972.1	83299	GCA_009884355.1
CP041976.1	4957978	GCA_009884375.1
CP041974.1	113858	GCA_009884375.1
CP041975.1	19388	GCA_009884375.1
CP047881.1	4725957	GCA_010919335.1
CP047882.1	285081	GCA_010919335.1
CP043509.1	4930938	GCA_011057955.1
CP043510.1	4657	GCA_011057955.1
CP035547.1	4863742	GCA_011304815.1
CP035551.1	3045	GCA_011304815.1
CP035549.1	88898	GCA_011304815.1
CP035550.1	4593	GCA_011304815.1
CP035548.1	153015	GCA_011304815.1
CP045458.1	4641662	GCA_011465535.1
CP045459.1	89619	GCA_011465535.1
CP045460.1	33309	GCA_011465535.1
CP045464.1	4773013	GCA_011465695.1
CP045465.1	4813791	GCA_011465815.1
CP045466.1	4671091	GCA_011465945.1
CP045467.1	195486	GCA_011465945.1
CP045461.1	4670959	GCA_011466075.1
CP045463.1	48530	GCA_011466075.1
CP045462.1	90138	GCA_011466075.1
CP045509.1	4641638	GCA_011466275.1
CP045512.1	48530	GCA_011466275.1
CP045511.1	54907	GCA_011466275.1
CP045510.1	90966	GCA_011466275.1
CP045513.1	4773053	GCA_011466455.1
CP045514.1	77622	GCA_011466455.1
CP045515.1	4673793	GCA_011466595.1
CP045516.1	4641555	GCA_011466775.1
CP045517.1	86794	GCA_011466775.1
CP045518.1	4641736	GCA_011466815.1
CP045519.1	106855	GCA_011466815.1
CP045520.1	90138	GCA_011466815.1
CP045521.1	63762	GCA_011466815.1
CP050706.1	4679542	GCA_012049805.1
CP050707.1	108447	GCA_012049805.1
CP050708.1	59371	GCA_012049805.1
CP050750.1	4994712	GCA_012050025.1
CP050751.1	260225	GCA_012050025.1
CP050752.1	4074	GCA_012050025.1
CP050709.1	4679799	GCA_012050205.1
CP050710.1	90315	GCA_012050205.1
CP050711.1	59372	GCA_012050205.1
CP050716.1	4679429	GCA_012050385.1
CP050717.1	90315	GCA_012050385.1
CP050718.1	59371	GCA_012050385.1
CP050719.1	7264	GCA_012050385.1
CP050720.1	3005	GCA_012050385.1
CP050712.1	4679142	GCA_012050525.1
CP050713.1	106652	GCA_012050525.1
CP050714.1	59372	GCA_012050525.1
CP050715.1	3374	GCA_012050525.1
CP050721.1	4738616	GCA_012050745.1
CP050722.1	59372	GCA_012050745.1
CP050723.1	4679573	GCA_012050905.1
CP050724.1	115154	GCA_012050905.1
CP050725.1	64336	GCA_012050905.1
CP050726.1	4974417	GCA_012051085.1
CP050727.1	147578	GCA_012051085.1
CP050728.1	4962482	GCA_012051245.1
CP050729.1	230228	GCA_012051245.1
CP050730.1	2708	GCA_012051245.1
CP050731.1	5038546	GCA_012051385.1
CP050732.1	181971	GCA_012051385.1
CP050733.1	4593	GCA_012051385.1
CP050734.1	4906732	GCA_012051625.1
CP050735.1	150326	GCA_012051625.1
CP050736.1	110163	GCA_012051625.1
CP050737.1	6062	GCA_012051625.1
CP050738.1	4715	GCA_012051625.1
CP050756.1	4929169	GCA_012052085.1
CP050753.1	4995493	GCA_012052225.1
CP050754.1	260432	GCA_012052225.1
CP050755.1	4074	GCA_012052225.1
CP050757.1	4721555	GCA_012052445.1
CP050758.1	87883	GCA_012052445.1
CP050759.1	29164	GCA_012052445.1
CP050771.1	4740209	GCA_012052605.1
CP050772.1	199036	GCA_012052605.1
CP050773.1	34285	GCA_012052605.1
CP050774.1	4677	GCA_012052605.1
CP050775.1	4234	GCA_012052605.1
CP050776.1	2677	GCA_012052605.1
CP050762.1	4783488	GCA_012052805.1
CP050763.1	190597	GCA_012052805.1
CP050760.1	4813873	GCA_012052965.1
CP050761.1	214820	GCA_012052965.1
CP050764.1	4858857	GCA_012053145.1
CP050765.1	30641	GCA_012053145.1
CP050766.1	3916	GCA_012053145.1
CP050767.1	3373	GCA_012053145.1
CP050768.1	2986	GCA_012053145.1
CP050769.1	4925928	GCA_012053325.1
CP050770.1	145548	GCA_012053325.1
CP050777.1	4782837	GCA_012053525.1
CP050778.1	190811	GCA_012053525.1
CP050785.1	4993824	GCA_012053725.1
CP050783.1	4817294	GCA_012053905.1
CP050784.1	255307	GCA_012053905.1
CP050779.1	4744651	GCA_012054045.1
CP050780.1	239058	GCA_012054045.1
CP050781.1	4234	GCA_012054045.1
CP050782.1	3372	GCA_012054045.1
CP048775.1	4813284	GCA_012169275.1
CP048776.1	311615	GCA_012169275.1
CP048777.1	27511	GCA_012169275.1
CP051267.1	4815388	GCA_012530215.1
CP051268.1	93798	GCA_012530215.1
CP051269.1	4819669	GCA_012530335.1
AP020330.1	4829518	GCA_012558165.1
AP020331.1	4593	GCA_012558165.1
CP053585.1	4888815	GCA_013161625.1
CP053870.1	4881794	GCA_013206965.1
CP053871.1	95180	GCA_013206965.1
CP053872.1	86908	GCA_013206965.1
CP053873.1	86908	GCA_013206965.1
CP053874.1	8688	GCA_013206965.1
CP053865.1	4879234	GCA_013207105.1
CP053866.1	93842	GCA_013207105.1
CP053867.1	86908	GCA_013207105.1
CP053868.1	86908	GCA_013207105.1
CP053869.1	8688	GCA_013207105.1
AP020332.1	4781872	GCA_013344545.1
AP020333.1	249939	GCA_013344545.1
AP020334.1	6237	GCA_013344545.1
CP054715.1	4794154	GCA_013348865.1
CP054717.1	162029	GCA_013348865.1
CP054718.1	118798	GCA_013348865.1
CP054716.1	51651	GCA_013348865.1
CP054827.1	4669238	GCA_013358425.1
CP039436.1	4949832	GCA_013376915.1
CP039437.1	4680581	GCA_013376935.1
CP039438.1	255725	GCA_013376935.1
CP039439.1	4831443	GCA_013376955.1
CP039440.1	276733	GCA_013376955.1
CP039441.1	4727127	GCA_013377315.1
CP039442.1	321887	GCA_013377315.1
CP039443.1	4727131	GCA_013377335.1
CP039444.1	321889	GCA_013377335.1
CP039445.1	4727130	GCA_013377355.1
CP039446.1	321890	GCA_013377355.1
CP058807.1	4865373	GCA_013415925.1
CP058808.1	3752	GCA_013415925.1
CP058809.1	93853	GCA_013415925.1
CP058810.1	205772	GCA_013415925.1
CP058811.1	90483	GCA_013415925.1
CP050130.1	5022825	GCA_013416235.1
CP050131.1	298622	GCA_013416235.1
CP060169.1	4877978	GCA_014250355.1
CP060170.1	93813	GCA_014250355.1
CP060171.1	1975	GCA_014250355.1
CP060508.1	4654369	GCA_014334175.1
CP060509.1	209422	GCA_014334175.1
CP060510.1	3372	GCA_014334175.1
CP060511.1	2978	GCA_014334175.1
CP060512.1	4686427	GCA_014334195.1
CP060513.1	254662	GCA_014334195.1
CP060514.1	41605	GCA_014334195.1
CP060515.1	5017156	GCA_014334215.1
CP060516.1	278034	GCA_014334215.1
CP060517.1	4715485	GCA_014334235.1
CP060518.1	233305	GCA_014334235.1
CP060519.1	64443	GCA_014334235.1
CP060520.1	4073	GCA_014334235.1
CP060521.1	3830	GCA_014334235.1
CP060522.1	4679617	GCA_014334255.1
CP060523.1	59372	GCA_014334255.1
CP060524.1	33310	GCA_014334255.1
CP060525.1	2096	GCA_014334255.1
CP060730.2	5024703	GCA_014394985.2
CP061159.1	4725087	GCA_014521465.1
CP060132.1	4746179	GCA_014524585.1
CP060133.1	176767	GCA_014524585.1
CP060134.1	4747268	GCA_014524605.1
CP060135.1	112916	GCA_014524605.1
CP060136.1	57187	GCA_014524605.1
CP061929.2	5024881	GCA_014805785.2
CP062004.2	5024881	GCA_014840915.2
CP062220.1	4799045	GCA_014854835.1
CP062223.1	4645545	GCA_014858545.1
CP062224.1	270696	GCA_014858545.1
CP062225.1	4646755	GCA_014858565.1
CP062227.1	3172	GCA_014858565.1
CP062226.1	265014	GCA_014858565.1
CP061044.1	4899433	GCA_015052745.1
CP061045.1	4817809	GCA_015052765.1
CP061046.1	81781	GCA_015052765.1
CP061047.1	4899622	GCA_015052785.1
CP061048.1	93278	GCA_015052785.1
CP061049.1	4899618	GCA_015052805.1
CP061050.1	4817841	GCA_015052825.1
CP061051.1	81781	GCA_015052825.1
CP063289.1	4713149	GCA_015074885.1
CP063290.1	113786	GCA_015074885.1
CP063293.1	3610	GCA_015074885.1
CP063292.1	5633	GCA_015074885.1
CP063291.1	59372	GCA_015074885.1
CP063294.1	4790379	GCA_015074905.1
CP063300.1	1718	GCA_015074905.1
CP063296.1	102507	GCA_015074905.1
CP063295.1	159330	GCA_015074905.1
CP063299.1	3257	GCA_015074905.1
CP063297.1	34894	GCA_015074905.1
CP063298.1	4234	GCA_015074905.1
CP063330.1	4864685	GCA_015159575.1
CP063331.1	2097	GCA_015159575.1
CP063700.1	4685852	GCA_015240635.1
CP063701.1	59372	GCA_015240635.1
CP063702.1	4749264	GCA_015240855.1
CP063703.1	115352	GCA_015240855.1
CP063704.1	4888	GCA_015240855.1
CP063705.1	4736564	GCA_015240995.1
CP063706.1	95694	GCA_015240995.1
CP063707.1	8688	GCA_015240995.1
CP063708.1	4685812	GCA_015241115.1
CP063710.1	3272	GCA_015241115.1
CP063709.1	59372	GCA_015241115.1
CP064263.1	4817454	GCA_015475615.1
CP064264.1	93946	GCA_015475615.1
CP064265.1	88171	GCA_015475615.1
CP064709.1	4638880	GCA_015565735.1
CP062795.1	4847913	GCA_015708295.1
CM129963.1	4734860	GCA_015726895.2
JADWDF020000002.1	49586	GCA_015726895.2
CP065564.1	4944501	GCA_016025375.1
CP065565.1	1982	GCA_016025375.1
CP065566.1	4885341	GCA_016025395.1
CP065567.1	4972399	GCA_016025415.2
CP065568.1	247565	GCA_016025415.2
CP065571.1	4073	GCA_016025415.2
CP065570.1	5570	GCA_016025415.2
CP065569.2	107790	GCA_016025415.2
CP065572.1	4887211	GCA_016025435.1
CP065573.1	84218	GCA_016025435.1
CP065639.1	4857477	GCA_016026715.1
CP065638.1	93933	GCA_016026715.1
CP065718.1	4874787	GCA_016028495.1
CP065719.1	93933	GCA_016028495.1
CP060585.1	4688541	GCA_016071195.1
CP060586.1	256017	GCA_016071195.1
CP066009.1	4878004	GCA_016127435.1
CP066008.1	8688	GCA_016127435.1
CP066010.1	86768	GCA_016127435.1
CP066011.1	93851	GCA_016127435.1
CP066047.1	4677108	GCA_016127835.1
CP066048.1	59372	GCA_016127835.1
CP051307.1	4881835	GCA_016451985.1
CP051308.1	154276	GCA_016451985.1
CP051309.1	48529	GCA_016451985.1
CP051310.1	4856293	GCA_016452005.1
CP051311.1	239428	GCA_016452005.1
CP051312.1	101468	GCA_016452005.1
CP051313.1	4682076	GCA_016452025.1
CP051314.1	102373	GCA_016452025.1
CP051315.1	4797860	GCA_016452045.1
CP051316.1	170832	GCA_016452045.1
CP051317.1	4862977	GCA_016452065.1
CP051319.1	170814	GCA_016452065.1
CP051318.1	105973	GCA_016452065.1
CP051320.1	4794180	GCA_016452085.1
CP051322.1	278418	GCA_016452085.1
CP051321.1	9588	GCA_016452085.1
CP051323.1	4074	GCA_016452085.1
CP051324.1	2496	GCA_016452085.1
CP051329.1	5033061	GCA_016452105.1
CP051327.1	58790	GCA_016452105.1
CP051330.1	16747	GCA_016452105.1
CP051331.1	4018	GCA_016452105.1
CP051328.1	3375	GCA_016452105.1
CP051325.1	3319	GCA_016452105.1
CP051326.1	2470	GCA_016452105.1
CP051338.1	4915330	GCA_016452125.1
CP051332.1	330859	GCA_016452125.1
CP051335.1	159544	GCA_016452125.1
CP051334.1	48514	GCA_016452125.1
CP051336.1	5852	GCA_016452125.1
CP051341.1	5417	GCA_016452125.1
CP051339.1	4251	GCA_016452125.1
CP051333.1	4091	GCA_016452125.1
CP051340.1	3373	GCA_016452125.1
CP051337.1	2264	GCA_016452125.1
CP051342.1	4833900	GCA_016452145.1
CP051345.1	277441	GCA_016452145.1
CP051343.1	101468	GCA_016452145.1
CP051344.1	5698	GCA_016452145.1
CP053051.1	4884266	GCA_016452165.1
CP053053.1	219745	GCA_016452165.1
CP053054.1	94046	GCA_016452165.1
CP053052.1	25682	GCA_016452165.1
CP054465.1	3829	GCA_016452165.1
CP054466.1	3188	GCA_016452165.1
CP051346.1	4763422	GCA_016454165.1
CP051347.1	146811	GCA_016454165.1
CP051348.1	48581	GCA_016454165.1
CP051349.1	4794742	GCA_016454185.1
CP051350.1	4654533	GCA_016454205.1
CP051351.1	109942	GCA_016454205.1
CP051352.1	9569	GCA_016454205.1
CP051353.1	4974390	GCA_016454225.1
CP051354.1	104600	GCA_016454225.1
CP051355.1	10454	GCA_016454225.1
CP051356.1	4933457	GCA_016454245.1
CP051357.1	161620	GCA_016454245.1
CP051358.1	4856212	GCA_016454265.1
CP051359.1	234536	GCA_016454265.1
CP051360.1	167068	GCA_016454265.1
CP051361.1	95358	GCA_016454265.1
CP051366.1	4744179	GCA_016454285.1
CP051367.1	49582	GCA_016454285.1
CP051365.1	8688	GCA_016454285.1
CP051368.1	4677885	GCA_016454305.1
CP051369.1	136285	GCA_016454305.1
CP051370.1	4832735	GCA_016454325.1
CP051371.1	101673	GCA_016454325.1
CP051372.1	4644025	GCA_016454345.1
CP051374.1	194325	GCA_016454345.1
CP051373.1	122954	GCA_016454345.1
CP051375.1	3605	GCA_016454345.1
CP051380.1	4870722	GCA_016454365.1
CP051379.1	224721	GCA_016454365.1
CP051377.1	94046	GCA_016454365.1
CP051376.1	3829	GCA_016454365.1
CP051378.1	3188	GCA_016454365.1
CP051381.1	4792518	GCA_016454385.1
CP051382.1	235025	GCA_016454385.1
CP051383.1	112349	GCA_016454385.1
CP051384.1	4900070	GCA_016454425.1
CP051385.1	111658	GCA_016454425.1
CP051386.1	4860673	GCA_016454445.1
CP051387.1	131331	GCA_016454445.1
CP051388.1	120420	GCA_016454445.1
CP051389.1	4744876	GCA_016454465.1
CP051390.1	11037	GCA_016454465.1
CP051391.1	4796193	GCA_016454485.1
CP051392.1	282550	GCA_016454485.1
CP051393.1	51490	GCA_016454485.1
CP051394.1	4704366	GCA_016454505.1
CP051395.1	155923	GCA_016454505.1
CP051396.1	4841659	GCA_016454525.1
CP051397.1	191208	GCA_016454525.1
CP051398.1	4841666	GCA_016454545.1
CP051400.1	183507	GCA_016454545.1
CP051399.1	4198	GCA_016454545.1
CP051401.1	3372	GCA_016454545.1
CP051402.1	4891101	GCA_016454585.1
CP051403.1	102040	GCA_016454585.1
CP051404.1	4820130	GCA_016454605.1
CP051405.1	99003	GCA_016454605.1
CP051406.1	95919	GCA_016454605.1
CP051410.1	4744872	GCA_016454645.1
CP051411.1	125574	GCA_016454645.1
CP051412.1	232583	GCA_016454645.1
CP051413.1	5002914	GCA_016454665.1
CP051414.1	3371	GCA_016454665.1
CP051415.1	3319	GCA_016454665.1
CP051416.1	4834032	GCA_016454705.1
CP051417.1	10910	GCA_016454705.1
CP051418.1	4593	GCA_016454705.1
CP051425.1	4722156	GCA_016454725.1
CP051426.1	188725	GCA_016454725.1
CP051420.1	83778	GCA_016454725.1
CP051424.1	57420	GCA_016454725.1
CP051421.1	8496	GCA_016454725.1
CP051419.1	3372	GCA_016454725.1
CP051423.1	2444	GCA_016454725.1
CP051422.1	2096	GCA_016454725.1
CP053048.1	4865042	GCA_016454765.1
CP053049.1	224991	GCA_016454765.1
CP053050.1	54008	GCA_016454765.1
CP053055.1	4736183	GCA_016454785.1
CP053056.1	269824	GCA_016454785.1
CP043907.1	4870224	GCA_016864495.1
CP043905.1	93830	GCA_016864495.1
CP043906.1	41389	GCA_016864495.1
CP063140.1	4691273	GCA_016864955.1
CP069518.1	4675929	GCA_016889645.1
CP069519.1	128163	GCA_016889645.1
CP051363.1	4884345	GCA_016952595.1
CP051362.1	3848	GCA_016952595.1
CP051364.1	107602	GCA_016952595.1
CP064919.1	4862477	GCA_017094605.1
CP067091.1	4796355	GCA_017893505.1
CP067092.1	93939	GCA_017893505.1
CP067397.1	4796208	GCA_017893625.1
CP067398.1	93938	GCA_017893625.1
CP140405.1	4719085	GCA_018311215.2
CP140406.1	93183	GCA_018311215.2
CP140407.1	2096	GCA_018311215.2
CP047424.1	4828570	GCA_018336435.1
CP047425.1	17726	GCA_018336435.1
CP073715.1	4667486	GCA_018340585.1
CP073716.1	4712	GCA_018340585.1
CP073717.1	3904	GCA_018340585.1
CP075372.1	5032348	GCA_018460045.1
CP075373.1	250232	GCA_018460045.1
CP077680.1	4980943	GCA_019063905.1
CP077681.1	3895	GCA_019063905.1
CP077682.1	3877	GCA_019063905.1
CP140409.1	4719088	GCA_019105565.2
CP140411.1	93183	GCA_019105565.2
CP140410.1	7938	GCA_019105565.2
CP140408.1	4192	GCA_019105565.2
CP079839.1	5081513	GCA_019339425.1
CP079836.1	5045976	GCA_019339445.1
CP079838.1	4970704	GCA_019339465.1
CP079837.1	4786296	GCA_019339485.1
CP066851.1	4751137	GCA_019426245.1
CP066852.1	37718	GCA_019426245.1
CP080091.1	4680320	GCA_019428465.1
CP080092.1	59372	GCA_019428465.1
CP080093.1	56813	GCA_019428465.1
CP080094.1	33310	GCA_019428465.1
CP080513.1	4826311	GCA_019468645.1
CP080515.1	129660	GCA_019468645.1
CP080516.1	3228	GCA_019468645.1
CP080517.1	3383	GCA_019468645.1
CP080514.1	352141	GCA_019468645.1
CP051213.1	4928262	GCA_019469485.1
CP080960.1	4774014	GCA_019645915.1
AP023288.1	4995025	GCA_019670145.1
AP023289.1	4998784	GCA_019670165.1
AP023290.1	4957303	GCA_019670185.1
AP023291.1	4968591	GCA_019670205.1
AP023292.1	4918843	GCA_019670225.1
AP023293.1	7618	GCA_019670225.1
AP023294.1	4915346	GCA_019670245.1
AP023295.1	60222	GCA_019670245.1
AP023296.1	6835	GCA_019670245.1
AP023297.1	4869	GCA_019670245.1
AP023298.1	4060	GCA_019670245.1
AP023299.1	4916924	GCA_019670265.1
AP023300.1	4916896	GCA_019670285.1
AP023301.1	131843	GCA_019670285.1
AP023302.1	7257	GCA_019670285.1
AP023303.1	5015241	GCA_019670305.1
AP023304.1	4979412	GCA_019670325.1
AP023305.1	128709	GCA_019670325.1
AP023306.1	4916898	GCA_019670345.1
AP023307.1	131843	GCA_019670345.1
AP023308.1	7257	GCA_019670345.1
AP023309.1	4889480	GCA_019670365.1
AP023310.1	229829	GCA_019670365.1
AP023311.1	4915174	GCA_019670385.1
AP023312.1	230500	GCA_019670385.1
AP023313.1	4908965	GCA_019670405.1
AP023314.1	99131	GCA_019670405.1
AP023315.1	4916845	GCA_019670425.1
AP023316.1	229829	GCA_019670425.1
AP023317.1	4979828	GCA_019670445.1
AP023318.1	151734	GCA_019670445.1
AP023319.1	4957296	GCA_019670465.1
CP081187.1	4972233	GCA_019710375.1
CP081188.1	3838	GCA_019710375.1
CP081189.2	4934155	GCA_019710395.3
CP081190.2	84884	GCA_019710395.3
CP081858.1	4811709	GCA_019797945.1
CP081859.1	11046	GCA_019797945.1
CP082338.1	4803884	GCA_019890995.1
CP082339.1	48502	GCA_019890995.1
CP082340.1	4915	GCA_019890995.1
CP082916.1	4679998	GCA_019931635.1
CP082917.1	59361	GCA_019931635.1
CP077662.1	4834280	GCA_019969195.1
CP077663.1	33308	GCA_019969195.1
CP077668.1	4996978	GCA_019969235.1
CP077669.1	94048	GCA_019969235.1
CP077670.1	4690166	GCA_019969255.1
CP077671.1	238101	GCA_019969255.1
CP077760.1	4624135	GCA_020023795.1
CP077761.1	88418	GCA_020023795.1
CP077762.1	56404	GCA_020023795.1
CP084532.1	4679414	GCA_020410865.1
CP084533.1	59372	GCA_020410865.1
CP085696.1	4862752	GCA_020691705.1
CP085698.1	3373	GCA_020691705.1
CP085697.1	237710	GCA_020691705.1
CP085699.1	5004066	GCA_020691725.1
CP085701.1	5430	GCA_020691725.1
CP085702.1	4081	GCA_020691725.1
CP085703.1	4062	GCA_020691725.1
CP085700.1	88502	GCA_020691725.1
CP085793.1	4713645	GCA_020714645.1
CP085809.1	4790182	GCA_020714685.1
CP085811.1	4749489	GCA_020714705.1
CP085792.1	4713627	GCA_020714725.1
CP085794.1	4679172	GCA_020714745.1
CP085796.1	4679287	GCA_020714765.1
CP085795.1	4679376	GCA_020714785.1
CP085797.1	4713617	GCA_020714805.1
CP085810.1	4750314	GCA_020714825.1
CP085798.1	4715683	GCA_020714845.1
CP085814.1	4713690	GCA_020714865.1
CP085812.1	4749459	GCA_020714885.1
CP085799.1	4712297	GCA_020714905.1
CP085813.1	4713683	GCA_020714925.1
CP085800.1	4712346	GCA_020715045.1
CP085801.1	4713682	GCA_020715165.1
CP085803.1	4711483	GCA_020715225.1
CP085802.1	4713643	GCA_020715265.1
CP085804.1	4711493	GCA_020715285.1
CP085805.1	4713493	GCA_020715305.1
CP085806.1	4713509	GCA_020715325.1
CP085807.1	4791720	GCA_020715345.1
CP085808.1	4790278	GCA_020715365.1
CP085815.1	4713725	GCA_020715385.1
CP085816.1	4713759	GCA_020715405.1
CP085817.1	4711503	GCA_020715425.1
CP085819.1	4874281	GCA_020715445.1
CP085818.1	4711668	GCA_020715465.1
CP085820.1	4874189	GCA_020715485.1
CP085822.1	4713642	GCA_020715505.1
CP085823.1	4688408	GCA_020715525.1
CP085824.1	4679279	GCA_020715545.1
CP085821.1	4713711	GCA_020716645.1
CP085983.1	4689704	GCA_020736305.1
CP085984.1	280239	GCA_020736305.1
CP085985.1	53154	GCA_020736305.1
CP085981.1	4689375	GCA_020736325.1
CP085982.1	272840	GCA_020736325.1
CP085980.1	53986	GCA_020736325.1
CP085987.1	5052615	GCA_020736345.1
CP085986.1	79333	GCA_020736345.1
CP086118.1	4983099	GCA_020783475.1
CP089207.1	4746494	GCA_021183525.1
CP089208.1	308491	GCA_021183525.1
CP089209.1	4972723	GCA_021183545.1
CP089210.1	266098	GCA_021183545.1
CP089313.1	4740896	GCA_021228955.1
CP089314.1	3374	GCA_021228955.1
CP089788.1	4838525	GCA_021266225.1
CP089789.1	4837844	GCA_021266245.1
CP089790.1	4836593	GCA_021266265.1
CP089791.1	4822417	GCA_021266285.1
CP089792.1	4834370	GCA_021266305.1
CP089794.1	4837091	GCA_021266345.1
CP089795.1	4884180	GCA_021266365.1
CP089797.1	4823610	GCA_021266405.1
CP089798.1	4837742	GCA_021266425.1
CP089799.1	4837105	GCA_021266445.1
CP075174.1	4651005	GCA_021383745.1
CP090137.1	4647582	GCA_021397625.1
CP090138.1	300750	GCA_021397625.1
CP090139.1	53329	GCA_021397625.1
CP090140.1	6727	GCA_021397625.1
CP090141.1	4647696	GCA_021397645.1
CP090142.1	294023	GCA_021397645.1
CP090144.1	4593	GCA_021397645.1
CP090143.1	53329	GCA_021397645.1
CP090133.1	4647585	GCA_021397675.1
CP090134.1	294023	GCA_021397675.1
CP090136.1	4593	GCA_021397675.1
CP090135.1	53329	GCA_021397675.1
CP090304.1	4857450	GCA_021399255.1
CP090545.1	5019931	GCA_021474245.1
CP090546.1	250700	GCA_021474245.1
CP090529.1	4976978	GCA_021474265.1
CP090531.1	3373	GCA_021474265.1
CP090532.1	93407	GCA_021474265.1
CP090530.1	241424	GCA_021474265.1
CP090533.1	5019610	GCA_021474285.1
CP090534.1	292358	GCA_021474285.1
CP090535.1	4955735	GCA_021474305.1
CP090537.1	4074	GCA_021474305.1
CP090538.1	90380	GCA_021474305.1
CP090536.1	170071	GCA_021474305.1
CP090539.1	4982119	GCA_021474325.1
CP090540.1	242063	GCA_021474325.1
CP090541.1	4963388	GCA_021474345.1
CP090543.1	3136	GCA_021474345.1
CP090544.1	3042	GCA_021474345.1
CP090542.1	144387	GCA_021474345.1
CP090929.1	5023197	GCA_021496255.1
CP090930.1	5020666	GCA_021496275.1
CP071388.1	4856956	GCA_021497565.1
CP071389.1	295499	GCA_021497565.1
CP071390.1	94574	GCA_021497565.1
CP071391.1	50931	GCA_021497565.1
CP071392.1	5284	GCA_021497565.1
CP068696.1	4905024	GCA_021513315.1
CP068697.1	93874	GCA_021513315.1
CP067082.1	4664088	GCA_021545725.1
CP067083.1	295452	GCA_021545725.1
CP067084.1	2264	GCA_021545725.1
CP067085.1	1240	GCA_021545725.1
CP067078.1	4714141	GCA_021545805.1
CP067079.1	271919	GCA_021545805.1
CP067080.1	27718	GCA_021545805.1
CP067081.1	4215	GCA_021545805.1
CP091300.1	4670990	GCA_021713115.1
CP091299.1	104427	GCA_021713115.1
CP092040.1	4680845	GCA_022117515.1
CP092041.1	250171	GCA_022117515.1
CP091878.1	4825110	GCA_022162985.1
CP091879.1	3967	GCA_022162985.1
CP092075.1	4714072	GCA_022226915.1
CP092076.1	62386	GCA_022226915.1
CP092258.1	4740845	GCA_022350005.1
CP092259.1	214299	GCA_022350005.1
CP092260.1	38906	GCA_022350005.1
CP092261.1	5632	GCA_022350005.1
CP092262.1	3897	GCA_022350005.1
CP092263.1	3272	GCA_022350005.1
CP092861.1	5066993	GCA_022533545.1
CP092862.1	246756	GCA_022533545.1
CP092911.1	4898114	GCA_022557215.1
CP092913.1	80314	GCA_022557215.1
CP092914.1	4628	GCA_022557215.1
CP092912.1	88258	GCA_022557215.1
CP060834.1	4683638	GCA_022559345.1
CP060836.1	4267	GCA_022559345.1
CP060835.1	248180	GCA_022559345.1
CP060837.1	4695756	GCA_022559365.1
CP060839.1	4267	GCA_022559365.1
CP060838.1	252011	GCA_022559365.1
CP060840.1	4651619	GCA_022559385.1
CP060842.1	6432	GCA_022559385.1
CP060843.1	4267	GCA_022559385.1
CP060841.1	252013	GCA_022559385.1
CP060846.1	4683338	GCA_022559425.1
CP060848.1	4267	GCA_022559425.1
CP060847.1	253764	GCA_022559425.1
CP060849.1	4727987	GCA_022559445.1
CP060851.1	4267	GCA_022559445.1
CP060850.1	251692	GCA_022559445.1
CP060852.1	4715179	GCA_022559465.1
CP060854.1	4267	GCA_022559465.1
CP060853.1	251455	GCA_022559465.1
CP060855.1	4682442	GCA_022559485.1
CP060856.1	220699	GCA_022559485.1
CP088901.1	4856858	GCA_022559825.1
CP088902.1	285167	GCA_022559825.1
CP093386.1	4856455	GCA_022655645.1
CP093387.1	93849	GCA_022655645.1
CP093388.1	3910	GCA_022655645.1
CP093389.1	3176	GCA_022655645.1
CP093391.1	4714721	GCA_022655665.1
CP093390.1	4713600	GCA_022655685.1
CP093392.1	4704408	GCA_022655705.1
CP093393.1	58608	GCA_022655705.1
CP093400.1	4851135	GCA_022670675.1
CP093401.1	195315	GCA_022670675.1
CP093402.1	4975247	GCA_022670695.1
CP093403.1	4880447	GCA_022670715.1
CP093404.1	215451	GCA_022670715.1
CP093405.1	4929834	GCA_022670735.1
CP093406.1	265849	GCA_022670735.1
CP093407.1	4880022	GCA_022670755.1
CP093410.1	2228	GCA_022670755.1
CP093409.1	3373	GCA_022670755.1
CP093408.1	302777	GCA_022670755.1
CP093411.1	4884952	GCA_022670775.1
CP093412.1	278374	GCA_022670775.1
CP093445.1	4957438	GCA_022670835.1
CP094332.1	4959696	GCA_022760155.1
CP094333.1	109070	GCA_022760155.1
CP094334.1	70455	GCA_022760155.1
CP094335.1	3592	GCA_022760155.1
CP094336.1	4059	GCA_022760155.1
CP094337.1	3001	GCA_022760155.1
CP064363.1	4482096	GCA_022869585.1
CP064385.1	4857492	GCA_022869965.1
CP064386.1	93933	GCA_022869965.1
CP058671.1	4826040	GCA_022870605.1
CP058672.1	242694	GCA_022870605.1
CP058673.1	51521	GCA_022870605.1
CP058674.1	3371	GCA_022870605.1
CP068018.1	5022311	GCA_022870685.1
CP068019.1	208610	GCA_022870685.1
CP068020.1	3988	GCA_022870685.1
CP068021.1	3830	GCA_022870685.1
CP091998.1	4838258	GCA_022936345.1
CP091999.1	4800346	GCA_022936365.1
CP092000.1	19682	GCA_022936365.1
CP092001.1	5649	GCA_022936365.1
CP092002.1	4820	GCA_022936365.1
CP092003.1	4018	GCA_022936365.1
CP092004.1	4870154	GCA_022936385.1
CP092005.1	4593	GCA_022936385.1
CP092006.1	4813657	GCA_022936405.1
CP092007.1	340763	GCA_022936405.1
CP092008.1	4774	GCA_022936405.1
CP092009.1	4859922	GCA_022936425.1
CP092010.1	63499	GCA_022936425.1
CP092011.1	5728	GCA_022936425.1
CP092012.1	4867746	GCA_022936485.1
CP092013.1	4593	GCA_022936485.1
CP093373.1	4723573	GCA_023024545.1
CP093374.1	320713	GCA_023024545.1
CP096118.1	4894296	GCA_023158855.1
CP096119.1	235522	GCA_023158855.1
CP091997.1	4828508	GCA_023159325.1
CP091544.1	4978171	GCA_023330705.1
CP091546.1	3885	GCA_023330705.1
CP091545.1	188626	GCA_023330705.1
CP091547.1	5021524	GCA_023330725.1
CP091549.1	3988	GCA_023330725.1
CP091548.1	271705	GCA_023330725.1
CP091550.1	4854608	GCA_023330745.1
CP091552.1	2953	GCA_023330745.1
CP091553.1	2900	GCA_023330745.1
CP091551.1	301285	GCA_023330745.1
CP091554.1	4974477	GCA_023330765.1
CP091555.1	249973	GCA_023330765.1
CP091556.1	4909510	GCA_023330785.1
CP091557.1	221549	GCA_023330785.1
CP091558.1	5008464	GCA_023330805.1
CP091559.1	287681	GCA_023330805.1
CP091560.1	4988055	GCA_023330825.1
CP091562.1	5430	GCA_023330825.1
CP091561.1	215225	GCA_023330825.1
CP091563.1	5023327	GCA_023330845.1
CP091565.1	70486	GCA_023330845.1
CP091564.1	295985	GCA_023330845.1
CP091566.1	4973782	GCA_023330865.1
CP091568.1	7942	GCA_023330865.1
CP091567.1	33309	GCA_023330865.1
CP091569.1	4979324	GCA_023330885.1
CP091570.1	247705	GCA_023330885.1
CP091571.1	4967188	GCA_023330905.1
CP091572.1	180977	GCA_023330905.1
CP091573.1	86718	GCA_023330905.1
CP091574.1	78621	GCA_023330905.1
CP091576.1	3554	GCA_023330905.1
CP091575.1	65271	GCA_023330905.1
CP097262.1	4679859	GCA_023379985.1
CP088134.1	4758930	GCA_023518135.1
CP088135.1	49556	GCA_023518135.1
CP088136.1	4652858	GCA_023518155.1
CP088137.1	86811	GCA_023518155.1
CP088138.1	4896004	GCA_023518175.1
CP088139.1	125931	GCA_023518175.1
CP088140.1	8274	GCA_023518175.1
CP088141.1	6645	GCA_023518175.1
CP088142.1	4664130	GCA_023518195.1
CP088143.1	92906	GCA_023518195.1
CP088144.1	4634	GCA_023518195.1
CP098438.1	4784174	GCA_023702165.1
CP098439.1	109442	GCA_023702165.1
CP098741.1	4823435	GCA_023746725.1
CP098742.1	109442	GCA_023746725.1
CP098829.1	4990287	GCA_023848535.1
CP098830.1	3373	GCA_023848535.1
CP098831.1	4808467	GCA_023848615.1
CP098832.1	229976	GCA_023848615.1
CP098833.1	3372	GCA_023848615.1
CP098834.1	4963890	GCA_023848645.1
CP098835.1	241147	GCA_023848645.1
CP098836.1	33858	GCA_023848645.1
CP098837.1	3554	GCA_023848645.1
CP099973.1	4680001	GCA_024137945.1
CP099974.1	29336	GCA_024137945.1
CP100666.1	4777143	GCA_024266125.1
CP100668.1	29336	GCA_024266125.1
CP100669.1	6080	GCA_024266125.1
CP100667.1	64325	GCA_024266125.1
CP100678.1	4732812	GCA_024266145.1
CP100681.1	4072	GCA_024266145.1
CP100680.1	4697	GCA_024266145.1
CP100679.1	88397	GCA_024266145.1
CP100670.1	4760001	GCA_024266165.1
CP100677.1	1304	GCA_024266165.1
CP100676.1	2562	GCA_024266165.1
CP100675.1	4018	GCA_024266165.1
CP100672.1	48530	GCA_024266165.1
CP100674.1	5177	GCA_024266165.1
CP100673.1	9316	GCA_024266165.1
CP100671.1	99204	GCA_024266165.1
CP100682.1	4645547	GCA_024266185.1
CP100683.1	262557	GCA_024266185.1
CP100684.1	3172	GCA_024266185.1
CP100685.1	4645547	GCA_024266205.1
CP100686.1	279202	GCA_024266205.1
CP100688.1	3172	GCA_024266205.1
CP100687.1	62147	GCA_024266205.1
CP100739.1	4790069	GCA_024266225.1
CP100743.1	2119	GCA_024266225.1
CP100740.1	199721	GCA_024266225.1
CP100742.1	5892	GCA_024266225.1
CP100741.1	88662	GCA_024266225.1
CP100744.1	4730593	GCA_024266245.1
CP100745.1	299493	GCA_024266245.1
CP100746.1	8138	GCA_024266245.1
CP100689.1	4745939	GCA_024266265.1
CP100690.1	258970	GCA_024266265.1
CP100747.1	4652052	GCA_024266285.1
CP100751.1	2109	GCA_024266285.1
CP100750.1	2965	GCA_024266285.1
CP100749.1	3428	GCA_024266285.1
CP100748.1	84323	GCA_024266285.1
CP100691.1	4977701	GCA_024266305.1
CP100692.1	11080	GCA_024266305.1
CP100693.1	4723189	GCA_024266345.1
CP100694.1	113134	GCA_024266345.1
CP100695.1	4948276	GCA_024266365.1
CP100697.1	78306	GCA_024266365.1
CP100696.1	81966	GCA_024266365.1
CP100698.1	4801264	GCA_024266385.1
CP100699.1	181948	GCA_024266385.1
CP100701.1	3263	GCA_024266385.1
CP100700.1	3830	GCA_024266385.1
CP100702.1	4764385	GCA_024266405.1
CP100703.1	149266	GCA_024266405.1
CP100706.1	15860	GCA_024266405.1
CP100705.1	35226	GCA_024266405.1
CP100704.1	93173	GCA_024266405.1
CP100707.1	4962789	GCA_024266425.1
CP100708.1	278879	GCA_024266425.1
CP100709.1	97209	GCA_024266425.1
CP100715.1	4955572	GCA_024266445.1
CP100716.1	294171	GCA_024266445.1
CP100717.1	3988	GCA_024266445.1
CP100710.1	4890321	GCA_024266465.1
CP100714.1	4593	GCA_024266465.1
CP100713.1	4657	GCA_024266465.1
CP100712.1	48530	GCA_024266465.1
CP100711.1	77896	GCA_024266465.1
CP100722.1	4750785	GCA_024266485.1
CP100723.1	328074	GCA_024266485.1
CP100718.1	4987481	GCA_024266505.1
CP100721.1	4245	GCA_024266505.1
CP100720.1	71243	GCA_024266505.1
CP100719.1	81966	GCA_024266505.1
CP100724.1	4752036	GCA_024266525.1
CP100726.1	24484	GCA_024266525.1
CP100727.1	6080	GCA_024266525.1
CP100725.1	64326	GCA_024266525.1
CP100728.1	4922910	GCA_024266545.1
CP100731.1	4593	GCA_024266545.1
CP100730.1	48530	GCA_024266545.1
CP100729.1	83642	GCA_024266545.1
CP100732.1	4790068	GCA_024266565.1
CP100733.1	161012	GCA_024266565.1
CP100735.1	5423	GCA_024266565.1
CP100734.1	87844	GCA_024266565.1
CP100736.1	4801266	GCA_024266785.1
CP100737.1	258626	GCA_024266785.1
CP100738.1	3263	GCA_024266785.1
CP099705.1	4913592	GCA_024266875.1
CP101365.1	4883448	GCA_024364825.1
CP101366.1	62098	GCA_024364825.1
CP101369.1	4920434	GCA_024364845.1
CP101368.1	58878	GCA_024364845.1
CP101371.1	90508	GCA_024364845.1
CP101370.1	33309	GCA_024364845.1
CP101372.1	5245093	GCA_024364865.1
CP101373.1	4950959	GCA_024364885.1
CP101374.1	33309	GCA_024364885.1
CP101375.1	5247576	GCA_024364905.1
CP101376.1	4999651	GCA_024364925.1
CP101377.1	5632	GCA_024364925.1
CP101378.1	116686	GCA_024364925.1
CP101379.1	4999786	GCA_024364945.1
CP101381.1	3136	GCA_024364945.1
CP101380.1	147496	GCA_024364945.1
CP101382.1	4958087	GCA_024364965.1
CP101385.1	4677	GCA_024364965.1
CP101384.1	6647	GCA_024364965.1
CP101383.1	257067	GCA_024364965.1
CP101386.1	4973602	GCA_024364985.1
CP101387.1	218090	GCA_024364985.1
CP101388.1	5002315	GCA_024365005.1
CP101389.1	256591	GCA_024365005.1
CP101390.1	4978290	GCA_024365025.1
CP101391.1	249573	GCA_024365025.1
CP101647.1	4809621	GCA_024442255.1
CP101648.1	4809636	GCA_024442275.1
CP101689.1	4837568	GCA_024494525.1
CP101690.1	10047	GCA_024494525.1
CP101691.1	9208	GCA_024494525.1
CP101692.1	7769	GCA_024494525.1
CP101940.1	4837940	GCA_024507995.1
CP101941.1	152311	GCA_024507995.1
CP101942.1	3071	GCA_024507995.1
CP101907.1	4803791	GCA_024508075.1
CP101908.1	152311	GCA_024508075.1
CP101909.1	3071	GCA_024508075.1
CP102719.1	4948090	GCA_024722255.1
CP102669.1	4961176	GCA_024722435.1
CP102670.1	93832	GCA_024722435.1
CP102739.1	4882250	GCA_024722455.1
CP102740.1	85309	GCA_024722455.1
CP102741.1	4234	GCA_024722455.1
CP102742.1	4197	GCA_024722455.1
CP102743.1	3428	GCA_024722455.1
CP102744.1	3374	GCA_024722455.1
CP102756.1	4905153	GCA_024722475.1
CP102757.1	84242	GCA_024722475.1
CP102758.1	6912	GCA_024722475.1
CP102759.1	4657	GCA_024722475.1
CP102760.1	3373	GCA_024722475.1
CP102761.1	2058	GCA_024722475.1
CP102827.1	4821996	GCA_024731345.1
CP102828.1	237848	GCA_024731345.1
CP102829.1	50798	GCA_024731345.1
CP103771.1	4952513	GCA_024917195.1
CP103772.1	85991	GCA_024917195.1
CP103773.1	5269	GCA_024917195.1
CP103774.1	4715	GCA_024917195.1
CP103775.1	4657	GCA_024917195.1
CP103776.1	3751	GCA_024917195.1
CP103791.1	4632120	GCA_024917215.1
CP103792.1	278481	GCA_024917215.1
CP104049.2	4889093	GCA_025159055.2
CP127218.1	4568	GCA_025159055.2
CP127219.1	6747	GCA_025159055.2
CP104358.1	4685980	GCA_025259065.1
CP104359.1	59372	GCA_025259065.1
CP104360.1	4633	GCA_025259065.1
CP104361.1	4585	GCA_025259065.1
CP104362.1	4685980	GCA_025259185.1
CP104363.1	59372	GCA_025259185.1
CP104364.1	4633	GCA_025259185.1
CP104365.1	4585	GCA_025259185.1
CP104366.1	4863704	GCA_025259345.1
CP104367.1	93844	GCA_025259345.1
CP104368.1	4821578	GCA_025259525.1
CP104369.1	291810	GCA_025259525.1
CP104370.1	93862	GCA_025259525.1
CP104479.1	4919686	GCA_025310955.1
CP104480.1	44362	GCA_025310955.1
CP104481.1	2442	GCA_025310955.1
CP104482.1	4796592	GCA_025311075.1
CP104483.1	3282	GCA_025311075.1
CP104484.1	4969564	GCA_025311235.1
CP104485.1	82631	GCA_025311235.1
CP104486.1	69202	GCA_025311235.1
CP104487.1	4234	GCA_025311235.1
CP104488.1	4806677	GCA_025311295.1
CP104489.1	44362	GCA_025311295.1
CP104490.1	3373	GCA_025311295.1
CP104491.1	4964371	GCA_025311435.1
CP104492.1	8873	GCA_025311435.1
CP104493.1	3924	GCA_025311435.1
CP104677.1	4774206	GCA_025398995.1
CP104638.1	4825930	GCA_025399015.1
CP104637.1	158207	GCA_025399015.1
CP104641.1	4719041	GCA_025399055.1
CP104642.1	59573	GCA_025399055.1
CP104643.1	4719009	GCA_025399075.1
CP104644.1	59329	GCA_025399075.1
CP082929.1	4666130	GCA_025643195.1
CP082930.1	165260	GCA_025643195.1
CP082932.1	7462	GCA_025643195.1
CP082933.1	5716	GCA_025643195.1
CP082934.1	5631	GCA_025643195.1
CP082935.1	1718	GCA_025643195.1
CP082931.1	64841	GCA_025643195.1
CP107010.1	4685754	GCA_025725745.1
CP107011.1	97817	GCA_025725745.1
CP107012.1	35442	GCA_025725745.1
CP107013.1	4072	GCA_025725745.1
CP060666.1	4681459	GCA_025808235.1
CP060667.1	110273	GCA_025808235.1
CP060668.1	4678918	GCA_025808255.1
CP060669.1	110273	GCA_025808255.1
CP060670.1	4683147	GCA_025808275.1
CP060671.1	109445	GCA_025808275.1
CP060672.1	4681475	GCA_025808295.1
CP060673.1	110273	GCA_025808295.1
CP060674.1	4681460	GCA_025808315.1
CP060675.1	110273	GCA_025808315.1
CP060676.1	4681486	GCA_025808335.1
CP060677.1	110273	GCA_025808335.1
CP060678.1	4680702	GCA_025808355.1
CP060679.1	110273	GCA_025808355.1
CP110198.1	4975120	GCA_026013295.1
CP110199.1	77789	GCA_026013295.1
CP110200.1	6714	GCA_026013295.1
CP110201.1	4975504	GCA_026013315.1
CP110220.1	4679367	GCA_026013745.1
CP110221.1	59372	GCA_026013745.1
CP110657.1	4940513	GCA_026153595.1
CP110658.1	271960	GCA_026153595.1
CP110659.1	46161	GCA_026153595.1
CP110660.1	6477	GCA_026153595.1
CP110931.1	4749611	GCA_026248385.1
CP110932.1	118995	GCA_026248385.1
CP110933.1	49544	GCA_026248385.1
CP110934.1	4749670	GCA_026248545.1
CP110935.1	49544	GCA_026248545.1
CP113364.1	4756748	GCA_026684115.1
CP091604.1	4685132	GCA_026873305.1
CP091606.1	4267	GCA_026873305.1
CP091605.1	255566	GCA_026873305.1
CP091607.1	4690407	GCA_026873325.1
CP091609.1	6431	GCA_026873325.1
CP091610.1	4267	GCA_026873325.1
CP091608.1	225457	GCA_026873325.1
CP091611.1	4682504	GCA_026873345.1
CP091612.1	5661	GCA_026873345.1
CP091613.1	4267	GCA_026873345.1
CP091614.1	4052	GCA_026873345.1
CP091615.1	4690396	GCA_026873365.1
CP091617.1	6431	GCA_026873365.1
CP091618.1	4267	GCA_026873365.1
CP091616.1	252013	GCA_026873365.1
CP091619.1	4647432	GCA_026873385.1
CP091621.1	3135	GCA_026873385.1
CP091620.1	172729	GCA_026873385.1
CP091622.1	4659429	GCA_026873405.1
CP091623.1	4267	GCA_026873405.1
CP091624.1	4690363	GCA_026873425.1
CP091625.1	4267	GCA_026873425.1
CP091626.1	4651635	GCA_026873445.1
CP091628.1	6432	GCA_026873445.1
CP091629.1	4267	GCA_026873445.1
CP091627.1	252013	GCA_026873445.1
CP091630.1	4687750	GCA_026873465.1
CP091632.1	6432	GCA_026873465.1
CP091633.1	4267	GCA_026873465.1
CP091631.1	252013	GCA_026873465.1
CP091634.1	4682466	GCA_026873485.1
CP091635.1	4267	GCA_026873485.1
CP091636.1	4645566	GCA_026873505.1
CP091638.1	59036	GCA_026873505.1
CP091639.1	3172	GCA_026873505.1
CP091637.1	279202	GCA_026873505.1
CP091640.1	4645539	GCA_026873525.1
CP091642.1	3172	GCA_026873525.1
CP091641.1	276543	GCA_026873525.1
CP068386.1	4729208	GCA_027474565.1
CP068387.1	67734	GCA_027474565.1
CP068388.1	86412	GCA_027474565.1
CP115551.1	5023030	GCA_027701665.1
CP115834.1	4883017	GCA_027920345.1
CP115836.1	103536	GCA_027920345.1
CP115835.1	329489	GCA_027920345.1
CP091542.1	5012649	GCA_027942095.1
CP091543.1	185529	GCA_027942095.1
CP092627.1	4822555	GCA_027942115.1
CP092628.1	92361	GCA_027942115.1
CP092510.1	4822450	GCA_027942135.1
CP092511.1	92361	GCA_027942135.1
CP092690.1	4822696	GCA_027942155.1
CP092691.1	92357	GCA_027942155.1
AP024347.1	4867732	GCA_027943645.1
AP024348.1	92251	GCA_027943645.1
AP026680.1	4686981	GCA_027943865.1
AP026681.1	3428	GCA_027943865.1
AP026682.1	2495	GCA_027943865.1
CP117181.2	4839261	GCA_028596065.2
CP117184.1	5021895	GCA_028596085.1
CP117186.1	2525	GCA_028596085.1
CP117187.1	2317	GCA_028596085.1
CP117185.1	65644	GCA_028596085.1
CP117244.1	4870254	GCA_028596185.1
CP117245.1	93832	GCA_028596185.1
CP117299.2	4839259	GCA_028607065.2
CP117698.1	4684039	GCA_028623105.1
CP117699.1	102202	GCA_028623105.1
CP117700.1	2620	GCA_028623105.1
CP117701.1	1888	GCA_028623105.1
CP117696.1	4793690	GCA_028623125.1
CP117697.1	1888	GCA_028623125.1
CP117693.1	4793053	GCA_028623145.1
CP117694.1	2620	GCA_028623145.1
CP117695.1	1888	GCA_028623145.1
CP117850.2	4931346	GCA_028735935.2
CP117851.1	4848834	GCA_028735955.1
CP117852.1	4861942	GCA_028735975.1
CP117976.1	4758000	GCA_028743635.1
CP117977.1	60499	GCA_028743635.1
CP117978.1	5636	GCA_028743635.1
CP117290.1	4777665	GCA_028747825.1
CP117291.1	4780537	GCA_028747845.1
CP117292.1	4776296	GCA_028747865.1
CP117293.1	4779270	GCA_028747885.1
CP117294.1	4780817	GCA_028747905.1
CP118536.1	4780792	GCA_028891365.1
CP118537.1	4812716	GCA_028891385.1
CP118538.1	84390	GCA_028891385.1
CP117378.1	4831316	GCA_028892635.1
CP117379.1	99205	GCA_028892635.1
CP117380.1	4837969	GCA_028892665.1
CP117381.1	99202	GCA_028892665.1
CP117382.1	4804926	GCA_028892685.1
CP117383.1	100649	GCA_028892685.1
CP117384.1	4805327	GCA_028892705.1
CP117385.1	100527	GCA_028892705.1
CP117386.1	4804652	GCA_028892725.1
CP117387.1	100517	GCA_028892725.1
CP117388.1	4805135	GCA_028892745.1
CP117389.1	100526	GCA_028892745.1
CP117390.1	4765591	GCA_028892765.1
CP117391.1	100521	GCA_028892765.1
CP117392.1	4647824	GCA_028892785.1
CP117393.1	3370	GCA_028892785.1
CP117394.1	4805034	GCA_028892805.1
CP117395.1	100527	GCA_028892805.1
CP117396.1	4805118	GCA_028892825.1
CP117397.1	100527	GCA_028892825.1
CP117398.1	4913836	GCA_028892845.1
CP117399.1	54292	GCA_028892845.1
CP117400.1	4913836	GCA_028892865.1
CP117401.1	54292	GCA_028892865.1
CP117402.1	4647778	GCA_028892885.1
CP117403.1	3370	GCA_028892885.1
CP117305.1	4845736	GCA_028892935.1
CP117306.1	3727	GCA_028892935.1
CP117301.1	4825435	GCA_028892955.1
CP117302.1	6988	GCA_028892955.1
CP117303.1	6046	GCA_028892955.1
CP117304.1	1316	GCA_028892955.1
CP117307.1	4833020	GCA_028892975.1
CP117308.1	6988	GCA_028892975.1
CP117309.1	6047	GCA_028892975.1
CP117310.1	5919	GCA_028892975.1
CP117311.1	1316	GCA_028892975.1
CP117312.1	4828384	GCA_028892995.1
CP117313.1	6988	GCA_028892995.1
CP117314.1	6047	GCA_028892995.1
CP117315.1	5919	GCA_028892995.1
CP117316.1	1316	GCA_028892995.1
CP117317.1	4826647	GCA_028893015.1
CP117318.1	87713	GCA_028893015.1
CP117319.1	6988	GCA_028893015.1
CP117320.1	6045	GCA_028893015.1
CP117321.1	1316	GCA_028893015.1
CP117322.1	4845631	GCA_028893035.1
CP117323.1	11944	GCA_028893035.1
CP117324.1	5919	GCA_028893035.1
CP117325.1	1035	GCA_028893035.1
CP117326.1	4770448	GCA_028893055.1
CP117327.1	4729938	GCA_028893075.1
CP117328.1	114639	GCA_028893075.1
CP117329.1	4745725	GCA_028893095.1
CP117330.1	64283	GCA_028893095.1
CP117331.1	2699	GCA_028893095.1
CP117332.1	4695492	GCA_028893115.1
CP117333.1	66452	GCA_028893115.1
CP117334.1	62867	GCA_028893115.1
CP117335.1	2699	GCA_028893115.1
CP117336.1	4843959	GCA_028893135.1
CP117337.1	150540	GCA_028893135.1
CP117338.1	4866486	GCA_028893155.1
CP117339.1	146580	GCA_028893155.1
CP117340.1	4841684	GCA_028893175.1
CP117341.1	86676	GCA_028893175.1
CP117342.1	75130	GCA_028893175.1
CP117343.1	4843892	GCA_028893195.1
CP117344.1	86282	GCA_028893195.1
CP117345.1	74562	GCA_028893195.1
CP117346.1	4846852	GCA_028893215.1
CP117347.1	178387	GCA_028893215.1
CP117348.1	4775084	GCA_028893235.1
CP117349.1	180389	GCA_028893235.1
CP117350.1	86233	GCA_028893235.1
CP117351.1	4838495	GCA_028893255.1
CP117352.1	103508	GCA_028893255.1
CP117353.1	74850	GCA_028893255.1
CP117354.1	4843403	GCA_028893275.1
CP117355.1	82559	GCA_028893275.1
CP117356.1	75391	GCA_028893275.1
CP117357.1	4863964	GCA_028893295.1
CP117358.1	93864	GCA_028893295.1
CP117359.1	4843935	GCA_028893315.1
CP117360.1	101652	GCA_028893315.1
CP117361.1	74851	GCA_028893315.1
CP117362.1	4844175	GCA_028893335.1
CP117363.1	84245	GCA_028893335.1
CP117364.1	75466	GCA_028893335.1
CP117404.1	4851366	GCA_028893355.1
CP117365.1	4830628	GCA_028893375.1
CP117366.1	146584	GCA_028893375.1
CP117367.1	4963124	GCA_028893395.1
CP117368.1	107978	GCA_028893395.1
CP117369.1	73152	GCA_028893395.1
CP117370.1	4998883	GCA_028893415.1
CP117371.1	4831068	GCA_028893435.1
CP117372.1	99201	GCA_028893435.1
CP117373.1	4851116	GCA_028893455.1
CP117374.1	106220	GCA_028893455.1
CP117375.1	75389	GCA_028893455.1
CP117376.1	4831315	GCA_028893475.1
CP117377.1	99205	GCA_028893475.1
CP118633.1	4856016	GCA_028993675.1
CP119137.1	4677190	GCA_029166965.1
CP119136.1	237330	GCA_029166965.1
CP120671.1	5035375	GCA_029537315.1
CP120672.1	48530	GCA_029537315.1
CP120673.1	5754	GCA_029537315.1
CP121066.1	4850920	GCA_029591745.1
CP121067.1	195329	GCA_029591745.1
CP121075.1	4679202	GCA_029591825.1
CP121070.1	4851681	GCA_029591945.1
CP121071.1	195305	GCA_029591945.1
CP121072.1	6477	GCA_029591945.1
CP121068.1	4857909	GCA_029592045.1
CP121069.1	195307	GCA_029592045.1
CP121076.1	4851036	GCA_029592105.1
CP121077.1	195315	GCA_029592105.1
CP121073.1	4851438	GCA_029592185.1
CP121074.1	195026	GCA_029592185.1
CP121262.1	4884036	GCA_029594695.1
CP121189.1	4998300	GCA_029625035.1
CP121296.1	4578607	GCA_029674725.1
CP121295.1	4578586	GCA_029674745.1
CP121297.1	4578573	GCA_029674765.1
CP121298.1	4777899	GCA_029674785.1
CP119980.1	4727145	GCA_029692005.1
CP119981.1	294021	GCA_029692005.1
CP119982.1	4727145	GCA_029692025.1
CP119983.1	312171	GCA_029692025.1
CP119984.1	4727145	GCA_029692065.1
CP119985.1	315489	GCA_029692065.1
CP119986.1	4727145	GCA_029692105.1
CP119987.1	312164	GCA_029692105.1
CP094269.1	4717205	GCA_029866625.1
CP094270.1	211429	GCA_029866625.1
CP094271.1	54608	GCA_029866625.1
CP124522.1	4685979	GCA_029953555.1
CP124523.1	59372	GCA_029953555.1
CP124524.1	4633	GCA_029953555.1
CP124525.1	4585	GCA_029953555.1
CP125220.1	4679795	GCA_030027965.1
CP125221.1	64327	GCA_030027965.1
CP125222.1	29336	GCA_030027965.1
CP116042.1	4998532	GCA_030064445.1
CP116043.1	40085	GCA_030064445.1
CP120315.1	4720107	GCA_030122175.1
CP120316.1	59373	GCA_030122175.1
CP120317.1	37698	GCA_030122175.1
CP120318.1	4720112	GCA_030122195.1
CP120319.1	59372	GCA_030122195.1
CP120320.1	37698	GCA_030122195.1
CP120322.1	4720159	GCA_030122215.1
CP120323.1	59372	GCA_030122215.1
CP120324.1	37699	GCA_030122215.1
CP120321.1	17355	GCA_030122215.1
CP120325.1	4857057	GCA_030122235.1
CP120326.1	285076	GCA_030122235.1
CP120327.1	4857068	GCA_030122275.1
CP120328.1	285079	GCA_030122275.1
CP120329.1	4697043	GCA_030122315.1
CP120330.1	52319	GCA_030122315.1
CP120333.1	4857058	GCA_030122355.1
CP120334.1	285078	GCA_030122355.1
CP120335.1	4856898	GCA_030122375.1
CP120336.1	285072	GCA_030122375.1
CP120337.1	4857056	GCA_030122395.1
CP120338.1	285085	GCA_030122395.1
CP120339.1	4857070	GCA_030122415.1
CP120340.1	285079	GCA_030122415.1
CP120341.1	4697034	GCA_030122435.1
CP120342.1	58367	GCA_030122435.1
CP120343.1	4857048	GCA_030122515.1
CP120344.1	285070	GCA_030122515.1
CP120345.1	4857043	GCA_030122535.1
CP120346.1	285070	GCA_030122535.1
CP120347.1	4857056	GCA_030122555.1
CP120348.1	285075	GCA_030122555.1
CP120349.1	4857056	GCA_030122575.1
CP120350.1	285080	GCA_030122575.1
CP122457.1	4772725	GCA_030122615.1
CP126138.1	4894693	GCA_030127065.1
CP126139.1	93855	GCA_030127065.1
CP126140.1	4679297	GCA_030127085.1
CP126141.1	64327	GCA_030127085.1
CP126142.1	29336	GCA_030127085.1
CP126143.1	28942	GCA_030127085.1
CP126325.1	4823717	GCA_030166335.1
CP126326.1	90249	GCA_030166335.1
CP126327.1	85700	GCA_030166335.1
CP126328.1	48318	GCA_030166335.1
CP126323.1	4694955	GCA_030166355.1
CP126324.1	86649	GCA_030166355.1
CP126166.1	4783907	GCA_030168445.1
CP126167.1	59372	GCA_030168445.1
CP120392.1	4780113	GCA_030254665.1
CP120394.1	4780244	GCA_030254685.1
CP120393.1	4777800	GCA_030254705.1
CP120395.1	4777908	GCA_030254725.1
CP120396.1	4833474	GCA_030254745.1
CP120397.1	4832976	GCA_030254765.1
CP120398.1	4777787	GCA_030254785.1
CP120399.1	4782091	GCA_030254805.1
CP128261.1	4753260	GCA_030345015.1
CP128264.1	2096	GCA_030345015.1
CP128262.1	101492	GCA_030345015.1
CP128263.1	37697	GCA_030345015.1
CP129384.1	4711862	GCA_030435995.1
CP129385.1	108036	GCA_030435995.1
CP129390.1	3205	GCA_030435995.1
CP129389.1	4779	GCA_030435995.1
CP129388.1	50239	GCA_030435995.1
CP129387.1	58960	GCA_030435995.1
CP129386.1	94398	GCA_030435995.1
CP129108.1	4806952	GCA_030436365.1
CP129109.1	4807710	GCA_030436425.1
CP129110.1	4807678	GCA_030439685.1
CP091866.1	5039354	GCA_030440615.1
CP091867.1	180872	GCA_030440615.1
CP091868.1	4929877	GCA_030440635.1
CP091869.1	180031	GCA_030440635.1
CP092491.1	4991640	GCA_030440655.1
CP092492.1	222126	GCA_030440655.1
CP129630.1	4770057	GCA_030486485.2
CP129632.2	98748	GCA_030486485.2
CP129631.2	321025	GCA_030486485.2
CP130073.1	4850917	GCA_030505735.1
CP130074.1	144836	GCA_030505735.1
CP130075.1	2569	GCA_030505735.1
CP130076.1	4850894	GCA_030505755.1
CP130077.1	144828	GCA_030505755.1
CP130078.1	8251	GCA_030505755.1
CP130079.1	4267	GCA_030505755.1
CP130080.1	4085	GCA_030505755.1
CP130081.1	3321	GCA_030505755.1
CP130082.1	2569	GCA_030505755.1
CP130083.1	4854947	GCA_030505775.1
CP130084.1	144833	GCA_030505775.1
CP130085.1	2569	GCA_030505775.1
CP130091.1	4861538	GCA_030505815.1
CP130092.1	143790	GCA_030505815.1
CP130094.1	2839	GCA_030505815.1
CP130095.1	2569	GCA_030505815.1
CP130093.1	4694	GCA_030505815.1
CP130096.1	4864549	GCA_030505835.1
CP130097.1	144840	GCA_030505835.1
CP130098.1	2569	GCA_030505835.1
CP130103.1	4853146	GCA_030505875.1
CP130104.1	144846	GCA_030505875.1
CP130105.1	2569	GCA_030505875.1
CP130106.1	4859311	GCA_030505895.1
CP130107.1	144840	GCA_030505895.1
CP130108.1	2569	GCA_030505895.1
CP130109.1	4818423	GCA_030505915.1
CP130110.1	144840	GCA_030505915.1
CP130111.1	2569	GCA_030505915.1
CP130112.1	4852220	GCA_030505935.1
CP130113.1	144841	GCA_030505935.1
CP130114.1	2569	GCA_030505935.1
CP130115.1	4852253	GCA_030505955.1
CP130116.1	144840	GCA_030505955.1
CP130117.1	2569	GCA_030505955.1
CP130126.1	4866971	GCA_030505995.1
CP130127.1	144840	GCA_030505995.1
CP130129.1	2000	GCA_030505995.1
CP130128.1	4054	GCA_030505995.1
CP130274.1	4871054	GCA_030506155.1
CP130275.1	146167	GCA_030506155.1
CP130276.1	4020	GCA_030506155.1
CP130277.1	2569	GCA_030506155.1
CP126178.1	4861581	GCA_030517155.1
CP126180.1	6522	GCA_030517155.1
CP126181.1	4074	GCA_030517155.1
CP126182.1	4066	GCA_030517155.1
CP126183.1	2097	GCA_030517155.1
CP126184.1	1858	GCA_030517155.1
CP126179.1	189237	GCA_030517155.1
CP126310.1	4919121	GCA_030517175.1
CP130564.1	4761312	GCA_030534275.1
CP129206.1	4894979	GCA_030644285.1
CP129207.1	94032	GCA_030644285.1
CP129208.1	1939	GCA_030644285.1
CP129209.1	4894501	GCA_030644305.1
CP129210.1	94026	GCA_030644305.1
CP129211.1	1939	GCA_030644305.1
CP132950.1	4860453	GCA_030863765.1
CP132951.1	114295	GCA_030863765.1
CP133181.1	4726490	GCA_030913595.1
CP133182.1	310238	GCA_030913595.1
CP133183.1	4972243	GCA_030913615.1
CP133184.1	228305	GCA_030913615.1
CP133185.1	100887	GCA_030913615.1
CP133186.1	4473	GCA_030913615.1
CP133212.1	4942113	GCA_030931095.1
CP133213.1	184553	GCA_030931095.1
CP133214.1	111419	GCA_030931095.1
CP133210.1	4984842	GCA_030931115.1
CP133211.1	184313	GCA_030931115.1
CP133284.1	4758936	GCA_030979995.1
CP133285.1	49548	GCA_030979995.1
CP133278.1	4578166	GCA_030980015.1
CP133279.1	274597	GCA_030980015.1
CP133280.1	44109	GCA_030980015.1
CP133281.1	21790	GCA_030980015.1
CP133282.1	4074	GCA_030980015.1
CP133283.1	3188	GCA_030980015.1
CP133286.1	4911285	GCA_030980035.1
CP133287.1	42423	GCA_030980035.1
CP133288.1	4657	GCA_030980035.1
CP133321.1	4668877	GCA_031021005.1
CP133324.1	6230	GCA_031021005.1
CP133323.1	56636	GCA_031021005.1
CP133322.1	60310	GCA_031021005.1
CP064909.1	4754793	GCA_031035935.1
CP064914.1	3171	GCA_031035935.1
CP064913.1	4700	GCA_031035935.1
CP064912.1	5234	GCA_031035935.1
CP064911.1	6079	GCA_031035935.1
CP064910.1	90388	GCA_031035935.1
CP065128.1	4769694	GCA_031036275.1
CP065130.1	4593	GCA_031036275.1
CP065129.1	101992	GCA_031036275.1
CP065125.1	4758415	GCA_031036295.1
CP065127.1	10047	GCA_031036295.1
CP065126.1	104115	GCA_031036295.1
CP065121.1	4686363	GCA_031036315.1
CP065124.1	47133	GCA_031036315.1
CP065123.1	59372	GCA_031036315.1
CP065122.1	97648	GCA_031036315.1
CP065117.1	4662937	GCA_031036335.1
CP065120.1	6817	GCA_031036335.1
CP065118.1	176705	GCA_031036335.1
CP065119.1	101018	GCA_031036335.1
CP065111.1	4783704	GCA_031036455.1
CP065116.1	3171	GCA_031036455.1
CP065113.1	47085	GCA_031036455.1
CP065115.1	6115	GCA_031036455.1
CP065114.1	9007	GCA_031036455.1
CP065112.1	117668	GCA_031036455.1
CP065062.1	4974396	GCA_031036675.1
CP065065.1	11078	GCA_031036675.1
CP065063.1	99057	GCA_031036675.1
CP065064.1	33309	GCA_031036675.1
CP065066.1	5280279	GCA_031036835.1
CP065068.1	2444	GCA_031036835.1
CP065067.1	5080	GCA_031036835.1
CP065069.1	4647664	GCA_031037015.1
CP065070.1	279751	GCA_031037015.1
CP065131.1	4994885	GCA_031038275.1
CP065133.1	4593	GCA_031038275.1
CP065132.1	148549	GCA_031038275.1
CP065071.1	4649975	GCA_031038815.1
CP065072.1	266567	GCA_031038815.1
CP065073.1	86025	GCA_031038815.1
CP065074.1	4766801	GCA_031038915.1
CP065075.1	3172	GCA_031038915.1
CP065076.1	4922659	GCA_031038935.1
CP065077.1	227458	GCA_031038935.1
CP065078.1	4641849	GCA_031038955.1
CP065079.1	106255	GCA_031038955.1
CP065080.1	4919676	GCA_031038975.1
CP065081.1	226935	GCA_031038975.1
CP065082.1	4919588	GCA_031038995.1
CP065083.1	227199	GCA_031038995.1
CP065084.1	4723264	GCA_031039015.1
CP065086.1	3373	GCA_031039015.1
CP065085.1	159165	GCA_031039015.1
CP065087.1	4725619	GCA_031039035.1
CP065089.1	4072	GCA_031039035.1
CP065088.1	187198	GCA_031039035.1
CP065090.1	4925569	GCA_031039055.1
CP065091.1	3172	GCA_031039055.1
CP065092.1	4804278	GCA_031039175.1
CP065093.1	3172	GCA_031039175.1
CP065094.1	4644572	GCA_031039375.1
CP065096.1	3172	GCA_031039375.1
CP065095.1	278374	GCA_031039375.1
CP065097.1	4644744	GCA_031039535.1
CP065099.1	3172	GCA_031039535.1
CP065098.1	253971	GCA_031039535.1
CP065100.1	4797015	GCA_031039735.1
CP065101.1	112193	GCA_031039735.1
CP065107.1	2442	GCA_031039735.1
CP065104.1	42680	GCA_031039735.1
CP065106.1	3830	GCA_031039735.1
CP065105.1	5907	GCA_031039735.1
CP065102.1	105084	GCA_031039735.1
CP065103.1	47397	GCA_031039735.1
CP065108.1	4749987	GCA_031039875.1
CP065110.1	3609	GCA_031039875.1
CP065109.1	118737	GCA_031039875.1
CP133398.1	4911285	GCA_031174645.1
CP133399.1	48921	GCA_031174645.1
CP133400.1	4657	GCA_031174645.1
CP133419.1	4782988	GCA_031182125.1
CP133420.1	11043	GCA_031182125.1
CP133421.1	4593	GCA_031182125.1
CP133422.1	4963846	GCA_031182935.1
CP133423.1	101760	GCA_031182935.1
CP133424.1	4657	GCA_031182935.1
CP133425.1	1749	GCA_031182935.1
CP133426.1	4685645	GCA_031183715.1
CP133427.1	59372	GCA_031183715.1
CP133428.1	45040	GCA_031183715.1
CP133429.1	4685645	GCA_031184215.1
CP133430.1	59372	GCA_031184215.1
CP133431.1	45040	GCA_031184215.1
CP133432.1	4685645	GCA_031184795.1
CP133433.1	59372	GCA_031184795.1
CP133434.1	45040	GCA_031184795.1
CP133435.1	4717634	GCA_031187125.1
CP133436.1	59372	GCA_031187125.1
CP133438.1	4717402	GCA_031188765.1
CP133439.1	59372	GCA_031188765.1
CP133487.1	4908742	GCA_031197025.1
CP133488.1	249152	GCA_031197025.1
CP133489.1	33858	GCA_031197025.1
CP133565.1	4679222	GCA_031198825.1
CP133566.1	59363	GCA_031198825.1
CP133567.1	47645	GCA_031198825.1
CP136145.1	4724939	GCA_032465755.1
CP136149.1	4679799	GCA_032465775.1
CP136150.1	64327	GCA_032465775.1
CP136151.1	24484	GCA_032465775.1
CP136141.1	4745289	GCA_032465795.1
CP136142.1	127061	GCA_032465795.1
CP136143.1	64327	GCA_032465795.1
CP136144.1	24484	GCA_032465795.1
CP136146.1	4761094	GCA_032465835.1
CP136147.1	111466	GCA_032465835.1
CP136148.1	40394	GCA_032465835.1
CP136400.1	4891794	GCA_032681265.1
CP136401.1	93924	GCA_032681265.1
CP103966.1	4783748	GCA_032700165.1
CP103967.1	216988	GCA_032700165.1
CP136645.1	4685819	GCA_032938035.1
CP136646.1	59372	GCA_032938035.1
CP137712.1	4857518	GCA_033403855.1
CP137713.1	93910	GCA_033403855.1
CP137719.1	4870260	GCA_033404635.1
CP137720.1	93922	GCA_033404635.1
CP138307.1	4861942	GCA_033613815.1
CP138308.1	210622	GCA_033613815.1
CP138305.1	4848834	GCA_033615035.1
CP138306.1	238640	GCA_033615035.1
CP139456.1	4754462	GCA_034259065.1
CP139457.1	4837757	GCA_034259085.1
CP139746.1	4857968	GCA_034377425.1
CP139747.1	93924	GCA_034377425.1
CP130616.1	4779500	GCA_034447935.1
CP130617.1	60178	GCA_034447935.1
CP130618.1	4785195	GCA_034448035.1
CP130620.1	139312	GCA_034448035.1
CP130619.1	33657	GCA_034448035.1
CP130621.1	4738191	GCA_034448755.1
CP130622.1	139222	GCA_034448755.1
CP132010.1	4781817	GCA_034448845.1
CP140404.1	4759743	GCA_034491365.1
CP140412.1	4861050	GCA_034493545.1
CP140413.1	117393	GCA_034493545.1
CP140414.1	67700	GCA_034493545.1
CP140415.1	2018	GCA_034493545.1
CP140416.1	4841234	GCA_034494365.1
CP141256.1	4708192	GCA_035319905.1
CP141257.1	114617	GCA_035319905.1
CP141258.1	6257	GCA_035319905.1
CP141594.1	4829444	GCA_035592515.1
CP141947.1	4963575	GCA_035658395.1
CP097849.1	4870588	GCA_036820215.1
CP097850.1	4018	GCA_036820215.1
CP097851.1	2257	GCA_036820215.1
CP097852.1	2097	GCA_036820215.1
CP097853.1	4869812	GCA_036821985.1
CP097854.1	4018	GCA_036821985.1
CP097855.1	2257	GCA_036821985.1
CP097856.1	2097	GCA_036821985.1
CP145533.1	5015061	GCA_036871005.1
CP145535.1	353748	GCA_036871005.1
CP145534.1	20220	GCA_036871005.1
CP124236.1	4741987	GCA_037055435.1
CP124237.1	49599	GCA_037055435.1
CP146847.1	4793104	GCA_037099745.1
CP146848.1	92749	GCA_037099745.1
CP148772.1	4860675	GCA_037616175.1
CP148773.1	145013	GCA_037616175.1
CP148774.1	9216	GCA_037616175.1
CP148775.1	4977117	GCA_037617745.1
CP148776.1	5059756	GCA_037618855.1
CP148777.1	93169	GCA_037618855.1
CP148778.1	4652	GCA_037618855.1
CP148789.1	4733505	GCA_037770365.1
CP148790.1	4727125	GCA_037771175.1
CP148791.1	338878	GCA_037771175.1
CP148792.1	5873	GCA_037771175.1
CP148793.1	4903	GCA_037771175.1
CP148794.1	4728345	GCA_037772145.1
CP148795.1	307572	GCA_037772145.1
CP148796.1	5873	GCA_037772145.1
CP148797.1	4727010	GCA_037773035.1
CP148798.1	331945	GCA_037773035.1
CP148799.1	5871	GCA_037773035.1
CP148800.1	4903	GCA_037773035.1
CP148801.1	4727115	GCA_037774005.1
CP148802.1	325704	GCA_037774005.1
CP148803.1	7119	GCA_037774005.1
CP148804.1	5873	GCA_037774005.1
CP148805.1	4903	GCA_037774005.1
CP148810.1	4727126	GCA_037775235.1
CP148811.1	316755	GCA_037775235.1
CP148812.1	5873	GCA_037775235.1
CP148813.1	4903	GCA_037775235.1
CP148814.1	4727121	GCA_037776255.1
CP148815.1	316724	GCA_037776255.1
CP148816.1	5873	GCA_037776255.1
CP148817.1	4903	GCA_037776255.1
CP148818.1	4727122	GCA_037776265.1
CP148819.1	290815	GCA_037776265.1
CP148820.1	5872	GCA_037776265.1
CP148821.1	4903	GCA_037776265.1
CP148822.1	4727122	GCA_037777435.1
CP148823.1	309708	GCA_037777435.1
CP148824.1	5873	GCA_037777435.1
CP148825.1	4903	GCA_037777435.1
CP148826.1	4727117	GCA_037778605.1
CP148827.1	310238	GCA_037778605.1
CP148828.1	4727107	GCA_037779835.1
CP148829.1	310264	GCA_037779835.1
CP148830.1	5873	GCA_037779835.1
CP148831.1	4903	GCA_037779835.1
CP148832.1	4727134	GCA_037780985.1
CP148833.1	318535	GCA_037780985.1
CP148834.1	5872	GCA_037780985.1
CP148835.1	4903	GCA_037780985.1
CP148836.1	4727133	GCA_037782195.1
CP148837.1	318536	GCA_037782195.1
CP148846.1	4728438	GCA_037784635.1
CP148847.1	319638	GCA_037784635.1
CP148848.1	5873	GCA_037784635.1
CP148849.1	4903	GCA_037784635.1
CP148872.1	4693460	GCA_037795395.1
CP148873.1	4658533	GCA_037796365.1
CP148874.1	4726044	GCA_037797495.1
CP148875.1	4168300	GCA_037798445.1
CP148876.1	499069	GCA_037798445.1
CP148877.1	41528	GCA_037798445.1
CP148878.1	27875	GCA_037798445.1
CP148879.1	5555	GCA_037798445.1
CP148881.1	4647173	GCA_037799595.1
CP148882.1	31251	GCA_037799595.1
CP149136.1	4990955	GCA_037821945.1
CP149137.1	212241	GCA_037821945.1
CP149138.1	100887	GCA_037821945.1
CP149139.1	4473	GCA_037821945.1
CP149140.1	4991154	GCA_037822845.1
CP149141.1	62540	GCA_037822845.1
CP149142.1	4988414	GCA_037823755.1
CP149143.1	228542	GCA_037823755.1
CP149144.1	100887	GCA_037823755.1
CP149145.1	4473	GCA_037823755.1
CP149154.1	4988096	GCA_037824785.1
CP149155.1	205448	GCA_037824785.1
CP149156.1	100887	GCA_037824785.1
CP149157.1	4473	GCA_037824785.1
CP149158.1	1924	GCA_037824785.1
CP149163.1	4990771	GCA_037825795.1
CP149164.1	214434	GCA_037825795.1
CP149165.1	100887	GCA_037825795.1
CP149166.1	4473	GCA_037825795.1
CP149167.1	4990971	GCA_037826765.1
CP149168.1	228305	GCA_037826765.1
CP149169.1	100887	GCA_037826765.1
CP149170.1	4473	GCA_037826765.1
CP149171.1	4990771	GCA_037827835.1
CP149172.1	229371	GCA_037827835.1
CP149173.1	100887	GCA_037827835.1
CP149174.1	4473	GCA_037827835.1
CP149175.1	4990971	GCA_037828885.1
CP149176.1	214434	GCA_037828885.1
CP149177.1	100887	GCA_037828885.1
CP149178.1	4473	GCA_037828885.1
CP149179.1	4919935	GCA_037829915.1
CP149180.1	4888079	GCA_037831375.1
CP149181.1	18622	GCA_037831375.1
CP149182.1	4386	GCA_037831375.1
CP149183.1	1916	GCA_037831375.1
CP149184.1	820	GCA_037831375.1
CP149200.1	4860409	GCA_037832775.1
CP149201.1	121863	GCA_037832775.1
CP149202.1	13721	GCA_037832775.1
CP149210.1	4857712	GCA_037834145.1
CP149211.1	93844	GCA_037834145.1
CP149214.1	4975908	GCA_037834495.1
CP149215.1	107357	GCA_037834495.1
CP149216.1	5072373	GCA_037835685.1
CP149217.1	93365	GCA_037835685.1
CP149221.1	4916937	GCA_037837055.1
CP149222.1	119064	GCA_037837055.1
CP149223.1	77367	GCA_037837055.1
CP149224.1	3566	GCA_037837055.1
CP149225.1	3373	GCA_037837055.1
CP149226.1	3237	GCA_037837055.1
CP149227.1	713	GCA_037837055.1
CP149237.1	4981718	GCA_037838505.1
CP149238.1	30221	GCA_037838505.1
CP149239.1	5016552	GCA_037839595.1
CP149262.1	4983985	GCA_037840705.1
CP149263.1	109841	GCA_037840705.1
CP149264.1	104770	GCA_037840705.1
CP149265.1	19583	GCA_037840705.1
CP149278.1	5059628	GCA_037841875.1
CP149279.1	225790	GCA_037841875.1
CP149280.1	93081	GCA_037841875.1
CP149281.1	2137	GCA_037841875.1
CP149282.1	1888	GCA_037841875.1
CP149285.1	4994589	GCA_037843125.1
CP149286.1	297813	GCA_037843125.1
CP149287.1	4988414	GCA_037844235.1
CP149288.1	214671	GCA_037844235.1
CP149289.1	100887	GCA_037844235.1
CP149290.1	4473	GCA_037844235.1
CP149159.1	4988414	GCA_037844905.1
CP149160.1	228542	GCA_037844905.1
CP149161.1	100887	GCA_037844905.1
CP149162.1	4473	GCA_037844905.1
CP149218.1	4975508	GCA_037846055.1
CP149219.1	104103	GCA_037846055.1
CP149220.1	9812	GCA_037846055.1
CP149294.1	4894637	GCA_037854785.1
CP149295.1	95631	GCA_037854785.1
CP149296.1	5055	GCA_037854785.1
CP149297.1	4593	GCA_037854785.1
CP149303.1	4858143	GCA_037855395.1
CP149304.1	89475	GCA_037855395.1
CP149305.1	6863	GCA_037855395.1
CP149306.1	4593	GCA_037855395.1
CP149307.1	4808909	GCA_037856515.1
CP149308.1	120145	GCA_037856515.1
CP149309.1	102748	GCA_037856515.1
CP149310.1	6647	GCA_037856515.1
CP149311.1	4593	GCA_037856515.1
CP149312.1	4808256	GCA_037857465.1
CP149313.1	120144	GCA_037857465.1
CP149314.1	108995	GCA_037857465.1
CP149315.1	13294	GCA_037857465.1
CP149316.1	9186	GCA_037857465.1
CP149317.1	4919846	GCA_037858515.1
CP149318.1	98062	GCA_037858515.1
CP149319.1	58440	GCA_037858515.1
CP149415.1	5023622	GCA_037859475.1
CP149416.1	88961	GCA_037859475.1
CP149417.1	11069	GCA_037859475.1
CP149332.1	4857810	GCA_037860935.1
CP149333.1	125247	GCA_037860935.1
CP149334.1	6863	GCA_037860935.1
CP149337.1	4805431	GCA_037861145.1
CP149338.1	4805548	GCA_037862975.1
CP149339.1	4925856	GCA_037864505.1
CP149340.1	98067	GCA_037864505.1
CP149341.1	58440	GCA_037864505.1
CP149342.1	5310	GCA_037864505.1
CP149343.1	4925656	GCA_037866235.1
CP149344.1	98066	GCA_037866235.1
CP149345.1	58440	GCA_037866235.1
CP149346.1	5310	GCA_037866235.1
CP149347.1	4858024	GCA_037867775.1
CP149348.1	99057	GCA_037867775.1
CP149349.1	94672	GCA_037867775.1
CP149350.1	4960263	GCA_037868635.1
CP149351.1	115680	GCA_037868635.1
CP149352.1	10734	GCA_037868635.1
CP149353.1	4727096	GCA_037870175.1
CP149354.1	296637	GCA_037870175.1
CP149355.1	4903	GCA_037870175.1
CP149356.1	4693492	GCA_037871955.1
CP149357.1	83362	GCA_037871955.1
CP149358.1	37782	GCA_037871955.1
CP149359.1	4963622	GCA_037873485.1
CP149360.1	4846108	GCA_037875175.1
CP149361.1	98952	GCA_037875175.1
CP149362.1	91750	GCA_037875175.1
CP149363.1	37074	GCA_037875175.1
CP149364.1	18264	GCA_037875175.1
CP149365.1	4857875	GCA_037876785.1
CP149366.1	98952	GCA_037876785.1
CP149367.1	94672	GCA_037876785.1
CP149368.1	4693353	GCA_037878215.1
CP149369.1	83362	GCA_037878215.1
CP149370.1	37782	GCA_037878215.1
CP149375.1	4858020	GCA_037879565.1
CP149376.1	98952	GCA_037879565.1
CP149377.1	93844	GCA_037879565.1
CP149371.1	4857908	GCA_037882525.1
CP149372.1	93850	GCA_037882525.1
CP149373.1	90028	GCA_037882525.1
CP149374.1	58545	GCA_037882525.1
CP149418.1	4858855	GCA_037883995.1
CP149419.1	98952	GCA_037883995.1
CP149420.1	93850	GCA_037883995.1
CP149380.1	4857521	GCA_037885305.1
CP149381.1	93850	GCA_037885305.1
CP149382.1	4855148	GCA_037887095.1
CP149383.1	93844	GCA_037887095.1
CP149384.1	4593	GCA_037887095.1
CP149385.1	4857896	GCA_037888705.1
CP149386.1	93844	GCA_037888705.1
CP149387.1	4593	GCA_037888705.1
CP149388.1	4857662	GCA_037888835.1
CP149389.1	93844	GCA_037888835.1
CP149390.1	4593	GCA_037888835.1
CP149391.1	4857664	GCA_037888845.1
CP149392.1	93844	GCA_037888845.1
CP149393.1	4593	GCA_037888845.1
CP149394.1	4857896	GCA_037888855.1
CP149395.1	93844	GCA_037888855.1
CP149396.1	4593	GCA_037888855.1
CP149397.1	4855339	GCA_037888865.1
CP149398.1	93844	GCA_037888865.1
CP149399.1	4593	GCA_037888865.1
CP149400.1	4855155	GCA_037888875.1
CP149401.1	93844	GCA_037888875.1
CP149402.1	4593	GCA_037888875.1
CP149403.1	4841961	GCA_037888885.1
CP149404.1	6863	GCA_037888885.1
CP149405.1	4593	GCA_037888885.1
CP149406.1	4904245	GCA_037888895.1
CP149407.1	93856	GCA_037888895.1
CP149408.1	4762615	GCA_037888905.1
CP149409.1	4858608	GCA_037888915.1
CP149410.1	93844	GCA_037888915.1
CP149411.1	3372	GCA_037888915.1
CP149412.1	4858376	GCA_037888925.1
CP149413.1	93844	GCA_037888925.1
CP149414.1	3372	GCA_037888925.1
CP149198.1	4981718	GCA_037957205.1
CP149199.1	78203	GCA_037957205.1
CP149203.1	4858902	GCA_037957215.1
CP149204.1	99050	GCA_037957215.1
CP149205.1	93832	GCA_037957215.1
CP150498.1	4737703	GCA_038019735.1
CP150497.1	217909	GCA_038019735.1
CP150499.1	4691542	GCA_038020145.1
CP150500.1	4744059	GCA_038020165.1
CP150501.1	4747093	GCA_038020335.1
CP151082.1	4987713	GCA_038096135.1
CP151083.1	185309	GCA_038096135.1
CP101854.1	4786683	GCA_038380085.1
CP101855.1	286802	GCA_038380085.1
CP101856.1	4614036	GCA_038380095.1
CP101857.1	151740	GCA_038380095.1
CP102198.1	4918995	GCA_038380105.1
CP102199.1	306822	GCA_038380105.1
CP149269.1	4998796	GCA_038380125.1
CP149275.1	4995845	GCA_038381885.1
CP149276.1	297813	GCA_038381885.1
CP149277.1	3830	GCA_038381885.1
CP140778.1	4679872	GCA_038396425.1
CP140779.1	67678	GCA_038396425.1
CP140780.1	60200	GCA_038396425.1
CP140781.1	4686594	GCA_038396435.1
CP140782.1	74492	GCA_038396435.1
CP140783.1	4682650	GCA_038396445.1
CP140784.1	17635	GCA_038396445.1
CP140785.1	74492	GCA_038396445.1
CP140786.1	4679994	GCA_038396455.1
CP140787.1	64327	GCA_038396455.1
CP140788.1	59138	GCA_038396455.1
CP140789.1	23819	GCA_038396455.1
CP140790.1	4679962	GCA_038396465.1
CP140791.1	59372	GCA_038396465.1
CP147895.1	4744590	GCA_039774785.1
CP147896.1	4804355	GCA_039775395.1
CP147897.1	4719199	GCA_039776065.1
CP147898.1	4690401	GCA_039777535.1
CP147899.1	4690379	GCA_039777965.1
CP147900.1	91297	GCA_039777965.1
CP147901.1	4721223	GCA_039778155.1
CP147902.1	4687165	GCA_039778185.1
CP147903.1	4793975	GCA_039778195.1
CP147904.1	4696517	GCA_039778205.1
CP147905.1	4720693	GCA_039778235.1
CP147906.1	4800775	GCA_039778245.1
CP147907.1	4729550	GCA_039778255.1
CP156169.1	4783423	GCA_039830155.1
CP156170.1	106706	GCA_039830155.1
CP156168.1	4554125	GCA_039830165.1
CP156713.1	4844814	GCA_039851995.1
CP156714.1	103670	GCA_039851995.1
CP156715.1	74562	GCA_039851995.1
CP156716.1	4845105	GCA_039852005.1
CP156717.1	179898	GCA_039852005.1
CP156899.1	4843189	GCA_039880325.1
CP156900.1	74566	GCA_039880325.1
CP157387.1	4659977	GCA_040048365.1
CP157388.1	87506	GCA_040048365.1
CP157389.1	2331	GCA_040048365.1
CP157394.1	4727133	GCA_040050635.1
CP157395.1	318349	GCA_040050635.1
CP160184.1	4800048	GCA_040822475.1
CP160185.1	5569	GCA_040822475.1
CP160186.1	4018	GCA_040822475.1
CP160187.1	3372	GCA_040822475.1
CP160181.1	4854233	GCA_040822485.1
CP160182.1	93844	GCA_040822485.1
CP160183.1	2541	GCA_040822485.1
CP160178.1	4872153	GCA_040822495.1
CP160179.1	93853	GCA_040822495.1
CP160180.1	92841	GCA_040822495.1
CP160175.1	4684508	GCA_040822505.1
CP160176.1	59372	GCA_040822505.1
CP160177.1	12656	GCA_040822505.1
CP160173.1	4677876	GCA_040822515.1
CP160174.1	59369	GCA_040822515.1
CP160171.1	4714964	GCA_040822525.1
CP160172.1	59371	GCA_040822525.1
CP160169.1	4751603	GCA_040822535.1
CP160170.1	81821	GCA_040822535.1
CP160167.1	4739942	GCA_040895365.1
CP160168.1	59866	GCA_040895365.1
CP160165.1	4869173	GCA_040895435.1
CP160166.1	93832	GCA_040895435.1
CP160163.1	4656078	GCA_040895765.1
CP160164.1	1983	GCA_040895765.1
CP160161.1	4716699	GCA_040895795.1
CP160162.1	59371	GCA_040895795.1
CP160159.1	4788449	GCA_040895825.1
CP160160.1	3373	GCA_040895825.1
CP160157.1	4580324	GCA_040896175.1
CP160158.1	5569	GCA_040896175.1
CP160156.1	4709758	GCA_040956495.1
CP160155.1	4674538	GCA_040956515.1
CP160154.1	4654081	GCA_040956555.1
CP160153.1	4867884	GCA_040956595.1
CP160152.1	4742157	GCA_040956715.1
CP160151.1	4672299	GCA_040956775.1
CP160150.1	4781126	GCA_040956895.1
CP160149.1	4806664	GCA_040956915.1
CP162902.1	5014882	GCA_040969815.1
CP162903.1	246818	GCA_040969815.1
CP162904.1	2097	GCA_040969815.1
CP162905.1	6477	GCA_040969815.1
CP162906.1	3648	GCA_040969815.1
CP163542.1	4858820	GCA_041080895.1
CP163543.1	93945	GCA_041080895.1
CP165611.1	4909518	GCA_041117435.1
CP087471.1	4679466	GCA_041411015.1
CP087472.1	97003	GCA_041411015.1
CP087473.1	4680669	GCA_041411055.1
CP087474.1	6114	GCA_041411055.1
CP087475.1	32950	GCA_041411055.1
CP087476.1	294842	GCA_041411055.1
CP087477.1	4680741	GCA_041411125.1
CP087478.1	296361	GCA_041411125.1
CP087479.1	4678693	GCA_041411135.1
CP087480.1	118029	GCA_041411135.1
CP087481.1	4783583	GCA_041411165.1
CP087482.1	59372	GCA_041411165.1
CP087483.1	4782444	GCA_041411195.1
CP087484.1	59370	GCA_041411195.1
CP087485.1	4807544	GCA_041411205.1
CP087486.1	3876	GCA_041411205.1
CP087487.1	78214	GCA_041411205.1
CP087488.1	4680091	GCA_041411215.1
CP087489.1	59370	GCA_041411215.1
CP087490.1	61547	GCA_041411215.1
CP087491.1	4680192	GCA_041411245.1
CP087492.1	6115	GCA_041411245.1
CP087493.1	41561	GCA_041411245.1
CP087494.1	116939	GCA_041411245.1
CP087495.1	4679825	GCA_041411255.1
CP087496.1	54998	GCA_041411255.1
CP087497.1	4680380	GCA_041411265.1
CP087498.1	97005	GCA_041411265.1
CP087499.1	4670318	GCA_041411275.1
CP087500.1	4679611	GCA_041411285.1
CP087501.1	2091	GCA_041411285.1
CP087502.1	35750	GCA_041411285.1
CP087503.1	59371	GCA_041411285.1
CP087504.1	96461	GCA_041411285.1
CP087505.1	35751	GCA_041411315.1
CP087506.1	59357	GCA_041411315.1
CP087507.1	96467	GCA_041411315.1
CP087508.1	4679600	GCA_041411315.1
CP087509.1	2089	GCA_041411315.1
CP087510.1	61028	GCA_041411325.1
CP087511.1	96210	GCA_041411325.1
CP087512.1	4681359	GCA_041411325.1
CP087513.1	2111	GCA_041411325.1
CP087514.1	35639	GCA_041411325.1
CP087515.1	4547043	GCA_041411335.1
CP087516.1	4673410	GCA_041411885.1
CP087517.1	4878418	GCA_041411935.1
CP087518.1	31706	GCA_041411935.1
CP087519.1	4877150	GCA_041411985.1
CP087520.1	31706	GCA_041411985.1
CP087521.1	4877928	GCA_041412005.1
CP087522.1	31706	GCA_041412005.1
CP087523.1	4843581	GCA_041412055.1
CP087524.1	31706	GCA_041412055.1
CP087525.1	4843592	GCA_041412075.1
CP087526.1	31706	GCA_041412075.1
CP087527.1	4844531	GCA_041412085.1
CP087528.1	4677146	GCA_041412095.1
CP087529.1	31654	GCA_041412095.1
CP087530.1	86921	GCA_041412095.1
CP087531.1	4593080	GCA_041412105.1
CP087532.1	110054	GCA_041412105.1
CP087533.1	4844485	GCA_041412115.1
CP087534.1	4878409	GCA_041412145.1
CP087535.1	82437	GCA_041412145.1
CP087536.1	4843579	GCA_041412165.1
CP087537.1	31831	GCA_041412165.1
CP087538.1	4809485	GCA_041412195.1
CP087539.1	48739	GCA_041412195.1
CP087540.1	48715	GCA_041412195.1
CP087541.1	4809470	GCA_041412265.1
CP087542.1	48780	GCA_041412265.1
CP087543.1	4753937	GCA_041412455.1
CP087544.1	4188	GCA_041412455.1
CP087545.1	3982	GCA_041412455.1
CP087546.1	2652	GCA_041412455.1
CP087547.1	2214	GCA_041412455.1
CP087548.1	4670331	GCA_041412465.1
CP087549.1	119163	GCA_041412465.1
CP087550.1	4593	GCA_041412465.1
CP087551.1	4779850	GCA_041412535.1
CP087552.1	59372	GCA_041412565.1
CP087553.1	4779036	GCA_041412565.1
CP087554.1	4679604	GCA_041412575.1
CP087555.1	96467	GCA_041412575.1
CP087556.1	59372	GCA_041412575.1
CP087557.1	35751	GCA_041412575.1
CP087558.1	4673348	GCA_041412585.1
CP087559.1	4783876	GCA_041412595.1
CP087560.1	59372	GCA_041412595.1
CP087561.1	4783705	GCA_041412605.1
CP087562.1	59359	GCA_041412605.1
CP167158.1	4841872	GCA_041447655.1
CP167159.1	63589	GCA_041447655.1
CP167160.1	5728	GCA_041447655.1
CP167161.1	2121	GCA_041447655.1
CP167162.1	1983	GCA_041447655.1
CP167167.1	4617305	GCA_041447675.1
CP167168.1	33688	GCA_041447675.1
CP167169.1	4617521	GCA_041447685.1
CP167170.1	33685	GCA_041447685.1
CP160102.1	4795235	GCA_041682025.1
CP160059.1	4782639	GCA_041682055.1
CP160061.1	4783470	GCA_041682085.1
CP160060.1	185945	GCA_041682085.1
CP160063.1	4783462	GCA_041682155.1
CP160062.1	185943	GCA_041682155.1
CP168932.1	4700868	GCA_041866285.1
CP168929.1	5006913	GCA_041866875.1
CP168930.1	4541070	GCA_041867465.1
CP168928.1	4916122	GCA_041868035.1
CP168931.1	4825106	GCA_041868605.1
CP168962.1	4787033	GCA_041871515.1
CP168964.1	76317	GCA_041871515.1
CP168963.1	106607	GCA_041871515.1
CP168965.1	34184	GCA_041871515.1
CP169078.1	4787046	GCA_041892465.1
CP169080.1	76959	GCA_041892465.1
CP169079.1	106607	GCA_041892465.1
CP169081.1	34206	GCA_041892465.1
CP169317.1	5034812	GCA_041927295.1
CP169318.1	5632	GCA_041927295.1
CP169319.1	1888	GCA_041927295.1
CP169320.1	4973024	GCA_041927305.1
CP169321.1	5218	GCA_041927305.1
CP169322.1	4657	GCA_041927305.1
CP169323.1	4018	GCA_041927305.1
CP169348.1	4930408	GCA_041927315.1
CP169349.1	4657	GCA_041927315.1
CP169350.1	4702218	GCA_041927325.1
CP169351.1	4773	GCA_041927325.1
CP169336.1	4775343	GCA_041928935.1
CP169337.1	34452	GCA_041928935.1
CP169346.1	4799099	GCA_041930285.1
CP169347.1	33715	GCA_041930285.1
CP169326.1	4916686	GCA_041930295.1
CP169327.1	4657	GCA_041930295.1
CP169333.1	4973482	GCA_041930305.1
CP169334.1	3830	GCA_041930305.1
CP169335.1	1888	GCA_041930305.1
CP169328.1	4999447	GCA_041930315.1
CP169329.1	4657	GCA_041930315.1
CP169330.1	4918904	GCA_041930325.1
CP169331.1	4657	GCA_041930325.1
CP169332.1	3830	GCA_041930325.1
CP169324.1	4981300	GCA_041930335.1
CP169325.1	39501	GCA_041930335.1
CP169352.1	5026429	GCA_041930345.1
CP169353.1	4657	GCA_041930345.1
CP169344.1	4652689	GCA_041930355.1
CP169345.1	111849	GCA_041930355.1
CP169338.1	3216946	GCA_041930365.1
CP169339.1	1714735	GCA_041930365.1
CP169340.1	98766	GCA_041930365.1
CP169341.1	47200	GCA_041930365.1
CP169342.1	40225	GCA_041930365.1
CP169343.1	1312	GCA_041930365.1
CP145439.1	4699161	GCA_041935645.1
CP145440.1	44512	GCA_041935645.1
CP169509.1	4727083	GCA_041937575.1
CP169510.1	310289	GCA_041937575.1
CP169501.1	4725739	GCA_041937595.1
CP169502.1	304831	GCA_041937595.1
CP169507.1	4733548	GCA_041941485.1
CP169508.1	303375	GCA_041941485.1
CP169515.1	4727115	GCA_041941495.1
CP169516.1	327150	GCA_041941495.1
CP169517.1	4726701	GCA_041941505.1
CP169518.1	286902	GCA_041941505.1
CP169519.1	33657	GCA_041941505.1
CP169513.1	4727410	GCA_041941515.1
CP169514.1	295501	GCA_041941515.1
CP169505.1	4731576	GCA_041941525.1
CP169506.1	319112	GCA_041941525.1
CP169511.1	4728609	GCA_041941555.1
CP169512.1	319153	GCA_041941555.1
CP169503.1	4736541	GCA_041941565.1
CP169504.1	292757	GCA_041941565.1
CP104805.1	5000338	GCA_042183685.1
CP104806.1	81266	GCA_042183685.1
CP104807.1	36957	GCA_042183685.1
CP104808.1	6760	GCA_042183685.1
CP104809.1	6477	GCA_042183685.1
CP104810.1	2894	GCA_042183685.1
CP104811.1	2261	GCA_042183685.1
CP104812.1	5070653	GCA_042184335.1
CP104813.1	243984	GCA_042184335.1
CP104814.1	5055	GCA_042184335.1
CP104815.1	4593	GCA_042184335.1
CP104816.1	5192560	GCA_042184765.1
CP104817.1	6477	GCA_042184765.1
CP104818.1	2414	GCA_042184765.1
CP104819.1	2044	GCA_042184765.1
CP104820.1	4938304	GCA_042185415.1
CP104821.1	164832	GCA_042185415.1
CP104822.1	7540	GCA_042185415.1
CP104823.1	6762	GCA_042185415.1
CP104824.1	4901	GCA_042185415.1
CP104825.1	4677	GCA_042185415.1
CP104826.1	4074	GCA_042185415.1
CP104827.1	3988	GCA_042185415.1
CP104828.1	2317	GCA_042185415.1
CP104829.1	4918080	GCA_042186005.1
CP104830.1	232591	GCA_042186005.1
CP104831.1	92110	GCA_042186005.1
CP104832.1	5055	GCA_042186005.1
CP104833.1	4593	GCA_042186005.1
CP104834.1	3236	GCA_042186005.1
CP066293.1	4782168	GCA_042191485.1
CP170123.1	4722996	GCA_042255465.1
CP161946.1	4739554	GCA_042466655.1
CP161947.1	93802	GCA_042466655.1
CP160067.1	4857969	GCA_042997225.1
CP160069.1	5770	GCA_042997225.1
CP160068.1	93924	GCA_042997225.1
CP171351.1	4768471	GCA_043496835.1
CP171352.1	75042	GCA_043496835.1
CP171353.1	4817391	GCA_043496845.1
CP171354.1	147396	GCA_043496845.1
CP034718.1	4582522	GCA_044357075.1
CP034706.1	4577367	GCA_044357285.1
CP034705.1	4582521	GCA_044357315.1
CP172460.1	4926097	GCA_044570105.1
CP172463.1	4955554	GCA_044570745.1
CP172461.1	5028739	GCA_044570775.1
CP172462.1	5049586	GCA_044570865.1
CP172464.1	4931172	GCA_044571215.1
CP172470.1	5020834	GCA_044571225.1
CP172466.1	4967120	GCA_044571355.1
CP172465.1	5125807	GCA_044572045.1
CP172471.1	4958058	GCA_044572055.1
CP172472.1	12954	GCA_044572055.1
CP172479.1	4964602	GCA_044572195.1
CP172467.1	4925248	GCA_044572775.1
CP172492.1	4958060	GCA_044572845.1
CP172491.1	4968457	GCA_044572895.1
CP172468.1	5049886	GCA_044573465.1
CP172469.1	37797	GCA_044573465.1
CP172473.1	4955552	GCA_044573475.1
CP172482.1	4968742	GCA_044573485.1
CP172474.1	4956286	GCA_044574055.1
CP172475.1	4942764	GCA_044574065.1
CP172477.1	35250	GCA_044574065.1
CP172476.1	88390	GCA_044574065.1
CP172478.1	5041781	GCA_044574075.1
CP172486.1	4905652	GCA_044574285.1
CP172485.1	13399	GCA_044574285.1
CP172487.1	264261	GCA_044574285.1
CP172480.1	4958059	GCA_044574295.1
CP172481.1	4879987	GCA_044574305.1
CP172498.1	5024926	GCA_044574415.1
CP172499.1	84140	GCA_044574415.1
CP172483.1	4968393	GCA_044574425.1
CP172484.1	100541	GCA_044574425.1
CP172515.1	4849726	GCA_044574495.1
CP172517.1	110629	GCA_044574495.1
CP172516.1	244034	GCA_044574495.1
CP172497.1	5031609	GCA_044575555.1
CP172488.1	4975519	GCA_044575585.1
CP172490.1	4960022	GCA_044575905.1
CP172489.1	97084	GCA_044575905.1
CP172496.1	5008778	GCA_044577925.1
CP172495.1	4958052	GCA_044577955.1
CP172500.1	4919004	GCA_044578495.1
CP172514.1	4958058	GCA_044580425.1
CP172513.1	84294	GCA_044580425.1
CP172501.1	4997230	GCA_044580495.1
CP172508.1	4970096	GCA_044580965.1
CP172502.1	4931171	GCA_044582115.1
CP172494.1	4969951	GCA_044582835.1
CP172493.1	88888	GCA_044582835.1
CP172524.1	4820486	GCA_044583005.1
CP172525.1	277965	GCA_044583005.1
CP172503.1	4889401	GCA_044583655.1
CP172504.1	265849	GCA_044583655.1
CP172505.1	6477	GCA_044583655.1
CP172522.1	4853505	GCA_044583665.1
CP172523.1	265850	GCA_044583665.1
CP172509.1	5034431	GCA_044583835.1
CP172506.1	5021710	GCA_044583885.1
CP172507.1	56533	GCA_044583885.1
CP172526.1	4850141	GCA_044583895.1
CP172527.1	265849	GCA_044583895.1
CP172510.1	4820486	GCA_044584205.1
CP172511.1	277965	GCA_044584205.1
CP172512.1	31265	GCA_044584205.1
CP172518.1	4966551	GCA_044584895.1
CP172519.1	6648	GCA_044584895.1
CP172520.1	4966042	GCA_044584905.1
CP172521.1	5021501	GCA_044585285.1
CP172528.1	4850139	GCA_044585405.1
CP172529.1	265849	GCA_044585405.1
CP172533.1	4854221	GCA_044585415.1
CP172535.1	156570	GCA_044585415.1
CP172534.1	231444	GCA_044585415.1
CP172530.1	5008898	GCA_044585425.1
CP172532.1	100016	GCA_044585425.1
CP172531.1	120445	GCA_044585425.1
CP172785.1	4961779	GCA_044585995.1
CP172786.1	4958887	GCA_044586005.1
CP172788.1	4870892	GCA_044586375.1
CP172792.1	2617	GCA_044586375.1
CP172789.1	265849	GCA_044586375.1
CP172793.1	2097	GCA_044586375.1
CP172791.1	3172	GCA_044586375.1
CP172790.1	6477	GCA_044586375.1
CP172787.1	4958960	GCA_044586765.1
CP172809.1	4850141	GCA_044586775.1
CP172810.1	265849	GCA_044586775.1
CP172800.1	4874684	GCA_044586905.1
CP172801.1	265849	GCA_044586905.1
CP172802.1	84609	GCA_044586905.1
CP172794.1	4842011	GCA_044587435.1
CP172796.1	1982	GCA_044587435.1
CP172795.1	266677	GCA_044587435.1
CP172797.1	4871405	GCA_044587465.1
CP172798.1	265849	GCA_044587465.1
CP172799.1	83190	GCA_044587465.1
CP172803.1	4880447	GCA_044588365.1
CP172804.1	215451	GCA_044588365.1
CP172805.1	4820521	GCA_044588845.1
CP172806.1	277965	GCA_044588845.1
CP172811.1	4845142	GCA_044588855.1
CP172812.1	302619	GCA_044588855.1
CP172813.1	85951	GCA_044588855.1
CP172807.1	4834812	GCA_044589065.1
CP172808.1	279156	GCA_044589065.1
CP173222.1	4677117	GCA_044880545.1
CP173288.1	4796740	GCA_044999555.1
CP173289.1	106705	GCA_044999555.1
CP173290.1	34206	GCA_044999555.1
CP173291.1	1290	GCA_044999555.1
CP173292.1	4787034	GCA_044999565.1
CP173293.1	106607	GCA_044999565.1
CP173294.1	76961	GCA_044999565.1
CP173295.1	34206	GCA_044999565.1
CP173312.1	4793236	GCA_045000095.1
CP173313.1	90362	GCA_045000095.1
CP173314.1	9428	GCA_045000095.1
CP173315.1	7534	GCA_045000095.1
CP173316.1	5794	GCA_045000095.1
CP034698.1	4768681	GCA_045007905.1
CP034699.1	193615	GCA_045007905.1
CP140402.1	4719913	GCA_045040835.1
CP140403.1	2096	GCA_045040835.1
CP127343.1	5019577	GCA_045278205.1
CP127344.1	167813	GCA_045278205.1
CP145806.1	4835480	GCA_045278905.1
CP145807.1	7621	GCA_045278905.1
CP145808.1	4936	GCA_045278905.1
CP145804.1	4940590	GCA_045278915.1
CP145805.1	7621	GCA_045278915.1
CP149507.1	4752118	GCA_045287905.1
CP149508.1	49586	GCA_045287905.1
CP148880.1	4603387	GCA_045291575.1
CP148840.1	4727117	GCA_045291595.1
CP148841.1	319375	GCA_045291595.1
CP148842.1	5873	GCA_045291595.1
CP148843.1	4903	GCA_045291595.1
CP148838.1	4727128	GCA_045291605.1
CP148839.1	318536	GCA_045291605.1
CP148806.1	4727119	GCA_045291615.1
CP148807.1	316546	GCA_045291615.1
CP148808.1	5873	GCA_045291615.1
CP148809.1	4903	GCA_045291615.1
CP149378.1	4904286	GCA_045291625.1
CP149379.1	93856	GCA_045291625.1
CP149335.1	4756927	GCA_045343925.1
CP149336.1	248114	GCA_045343925.1
CP149327.1	5010717	GCA_045343935.1
CP149328.1	88961	GCA_045343935.1
CP149329.1	11069	GCA_045343935.1
CP149330.1	4197	GCA_045343935.1
CP149331.1	2101	GCA_045343935.1
CP149324.1	5011039	GCA_045343945.1
CP149325.1	88961	GCA_045343945.1
CP149326.1	11069	GCA_045343945.1
CP149320.1	4926557	GCA_045343955.1
CP149321.1	98067	GCA_045343955.1
CP149322.1	58440	GCA_045343955.1
CP149323.1	5310	GCA_045343955.1
CP149299.1	4858330	GCA_045343965.1
CP149300.1	89476	GCA_045343965.1
CP149301.1	6863	GCA_045343965.1
CP149302.1	4593	GCA_045343965.1
CP149298.1	4920310	GCA_045343975.1
CP149283.1	5030067	GCA_045343995.1
CP149284.1	90901	GCA_045343995.1
CP149270.1	5061017	GCA_045344005.1
CP149271.1	93982	GCA_045344005.1
CP149272.1	4676	GCA_045344005.1
CP149273.1	2137	GCA_045344005.1
CP149274.1	1888	GCA_045344005.1
CP149266.1	4962583	GCA_045344015.1
CP149267.1	10303	GCA_045344015.1
CP149268.1	820	GCA_045344015.1
CP149257.1	5030928	GCA_045344025.1
CP149258.1	241503	GCA_045344025.1
CP149259.1	90690	GCA_045344025.1
CP149260.1	2137	GCA_045344025.1
CP149261.1	1888	GCA_045344025.1
CP149252.1	4910828	GCA_045344035.1
CP149253.1	20688	GCA_045344035.1
CP149254.1	7665	GCA_045344035.1
CP149255.1	6760	GCA_045344035.1
CP149256.1	2966	GCA_045344035.1
CP149246.1	4966707	GCA_045344045.1
CP149247.1	108185	GCA_045344045.1
CP149248.1	20688	GCA_045344045.1
CP149249.1	10926	GCA_045344045.1
CP149250.1	6030	GCA_045344045.1
CP149251.1	2101	GCA_045344045.1
CP149243.1	4985992	GCA_045344055.1
CP149244.1	8433	GCA_045344055.1
CP149245.1	6029	GCA_045344055.1
CP149240.1	4986166	GCA_045344065.1
CP149241.1	8433	GCA_045344065.1
CP149242.1	6029	GCA_045344065.1
CP149233.1	4975829	GCA_045344075.1
CP149234.1	245275	GCA_045344075.1
CP149235.1	107354	GCA_045344075.1
CP149236.1	1284	GCA_045344075.1
CP149228.1	5031138	GCA_045344085.1
CP149229.1	241503	GCA_045344085.1
CP149230.1	90690	GCA_045344085.1
CP149231.1	2137	GCA_045344085.1
CP149232.1	1888	GCA_045344085.1
CP149212.1	4857523	GCA_045344095.1
CP149213.1	93844	GCA_045344095.1
CP149209.1	4694467	GCA_045344105.1
CP149207.1	4687371	GCA_045344115.1
CP149208.1	318523	GCA_045344115.1
CP149206.1	4981642	GCA_045344125.1
CP149196.1	4981734	GCA_045344135.1
CP149197.1	78203	GCA_045344135.1
CP149194.1	4981534	GCA_045344145.1
CP149195.1	78203	GCA_045344145.1
CP149192.1	4981740	GCA_045344155.1
CP149193.1	78203	GCA_045344155.1
CP149190.1	4981734	GCA_045344165.1
CP149191.1	78203	GCA_045344165.1
CP149187.1	4981480	GCA_045344175.1
CP149188.1	74162	GCA_045344175.1
CP149189.1	4041	GCA_045344175.1
CP149185.1	4988025	GCA_045344185.1
CP149186.1	4473	GCA_045344185.1
CP149150.1	4988414	GCA_045344195.1
CP149151.1	205448	GCA_045344195.1
CP149152.1	100886	GCA_045344195.1
CP149153.1	4473	GCA_045344195.1
CP149146.1	4988414	GCA_045344205.1
CP149147.1	214671	GCA_045344205.1
CP149148.1	100887	GCA_045344205.1
CP149149.1	4473	GCA_045344205.1
CP149468.1	4759972	GCA_045347675.1
CP149469.1	85413	GCA_045347675.1
CP149471.1	4760137	GCA_045347765.1
CP149470.1	85925	GCA_045347765.1
CP150844.1	4836735	GCA_045348175.1
CP174478.1	4726886	GCA_045821975.1
CP174479.1	310431	GCA_045821975.1
CP174480.1	5874	GCA_045821975.1
CP176654.1	14829	GCA_046271945.1
CP176655.1	4945186	GCA_046271945.1
CP176656.1	107075	GCA_046271945.1
CP176680.1	35297	GCA_046272035.1
CP176681.1	117789	GCA_046272035.1
CP176682.1	4795015	GCA_046272035.1
CP176683.1	4773	GCA_046272035.1
CP176685.1	4724863	GCA_046272055.1
CP176686.1	81814	GCA_046272055.1
CP176701.1	4726544	GCA_046272105.1
CP176702.1	81815	GCA_046272105.1
CP176703.1	100739	GCA_046272105.1
CP176705.1	4726715	GCA_046272135.1
CP176706.1	81794	GCA_046272135.1
CP176707.1	4726541	GCA_046272145.1
CP176708.1	81827	GCA_046272145.1
CP150644.1	4654781	GCA_046599165.1
CP177302.1	4710758	GCA_046838395.1
CP177303.1	138951	GCA_046838395.1
CP177304.1	87365	GCA_046838395.1
CP177305.1	4067	GCA_046838395.1
CP177306.1	3372	GCA_046838395.1
CP100414.1	4726531	GCA_047114675.1
CP100415.1	43188	GCA_047114675.1
CP178833.1	4888369	GCA_047338585.1
CP178834.1	75390	GCA_047338585.1
CP178835.1	85437	GCA_047338585.1
CP178836.1	41244	GCA_047338585.1
CP178918.1	4845571	GCA_047357745.1
CP178919.1	146646	GCA_047357745.1
CP179910.1	4762766	GCA_047455995.1
CP179911.1	274179	GCA_047455995.1
CP179912.1	3483	GCA_047455995.1
CP180713.1	4673668	GCA_047782845.1
CP180714.1	11748	GCA_047782845.1
CP180715.1	162410	GCA_047782845.1
CP180716.1	4673782	GCA_047782855.1
CP180717.1	6098	GCA_047782855.1
CP180718.1	162415	GCA_047782855.1
CP168217.1	4698954	GCA_047946865.1
CP168218.1	255759	GCA_047946865.1
CP190247.1	4727598	GCA_047980805.2
CP190248.1	308757	GCA_047980805.2
CP190249.1	5423	GCA_047980805.2
CP182171.1	4845548	GCA_048016565.1
CP182172.1	131015	GCA_048016565.1
CP182173.1	30209	GCA_048016565.1
CP182117.1	4845548	GCA_048017355.1
CP182118.1	132005	GCA_048017355.1
CP182119.1	41244	GCA_048017355.1
CP182120.1	4845567	GCA_048017425.1
CP182121.1	125691	GCA_048017425.1
CP182122.1	4844157	GCA_048017515.1
CP182123.1	39264	GCA_048017515.1
CP182124.1	159851	GCA_048017515.1
CP182125.1	41244	GCA_048017515.1
CP182126.1	30166	GCA_048017515.1
CP182127.1	30336	GCA_048017515.1
CP182128.1	4846004	GCA_048018245.1
CP182129.1	6383	GCA_048018245.1
CP182130.1	39264	GCA_048018245.1
CP182131.1	30977	GCA_048018245.1
CP182132.1	92556	GCA_048018245.1
CP182133.1	74563	GCA_048018245.1
CP181479.1	4727143	GCA_048018295.1
CP181480.1	315450	GCA_048018295.1
CP181481.1	42559	GCA_048018295.1
CP182623.1	4677799	GCA_048296785.1
CP182624.1	278566	GCA_048296785.1
CP182625.1	46386	GCA_048296785.1
CP182614.1	4680564	GCA_048296795.1
CP182615.1	280984	GCA_048296795.1
CP182626.1	4676846	GCA_048296805.1
CP182627.1	257499	GCA_048296805.1
CP182628.1	45040	GCA_048296805.1
CP182619.1	4631958	GCA_048296815.1
CP182620.1	251454	GCA_048296815.1
CP182621.1	45040	GCA_048296815.1
CP182622.1	8903	GCA_048296815.1
CP182629.1	4681711	GCA_048296825.1
CP182630.1	270104	GCA_048296825.1
CP182616.1	4679924	GCA_048296835.1
CP182617.1	251478	GCA_048296835.1
CP182618.1	45040	GCA_048296835.1
CP154881.1	4670535	GCA_048570975.1
CP154882.1	47421	GCA_048570975.1
CP154883.1	4778801	GCA_048570985.1
CP154884.1	3338	GCA_048570985.1
CP154885.1	4754345	GCA_048570995.1
CP154886.1	5211	GCA_048570995.1
CP178251.1	4969989	GCA_048750985.1
CP178252.1	234479	GCA_048750985.1
CP184869.1	4739519	GCA_048914415.1
CP184870.1	93787	GCA_048914415.1
CP185808.1	4967444	GCA_049187565.1
CP185809.1	112188	GCA_049187565.1
CP185810.1	95578	GCA_049187565.1
CP185811.1	4263	GCA_049187565.1
CP184879.1	4679986	GCA_049264755.1
CP184880.1	64327	GCA_049264755.1
CP184881.1	29336	GCA_049264755.1
CP184882.1	4073	GCA_049264755.1
CP176561.1	4933608	GCA_049436935.1
CP176560.1	93997	GCA_049436935.1
CP186699.1	5015197	GCA_049544835.1
CP186701.1	10351	GCA_049544835.1
CP186702.1	2442	GCA_049544835.1
CP186700.1	280713	GCA_049544835.1
CP186710.1	4687013	GCA_049544875.1
CP186711.1	318579	GCA_049544875.1
CP131744.1	4641827	GCA_049617965.1
CP131745.1	90138	GCA_049617965.1
CP131746.1	4686171	GCA_049618335.1
CP131747.1	103469	GCA_049618335.1
CP131748.1	59372	GCA_049618335.1
CP131749.1	4802414	GCA_049618405.1
CP131750.1	286967	GCA_049618405.1
CP131751.1	10047	GCA_049618405.1
CP131752.1	4234	GCA_049618405.1
CP131753.1	4871581	GCA_049618795.1
CP131754.1	138951	GCA_049618795.1
CP131755.1	4074	GCA_049618795.1
CP131756.1	4060	GCA_049618795.1
CP131757.1	4759117	GCA_049618835.1
CP131758.1	104384	GCA_049618835.1
CP131759.1	10047	GCA_049618835.1
CP131760.1	4733972	GCA_049619335.1
CP131761.1	195861	GCA_049619335.1
CP131762.1	97648	GCA_049619335.1
CP131763.1	4737532	GCA_049619385.1
CP131764.1	70701	GCA_049619385.1
CP131765.1	4013	GCA_049619385.1
CP131766.1	3045	GCA_049619385.1
CP131767.1	3003	GCA_049619385.1
CP131768.1	4783705	GCA_049619935.1
CP131769.1	117774	GCA_049619935.1
CP131770.1	47091	GCA_049619935.1
CP131771.1	9007	GCA_049619935.1
CP131772.1	6115	GCA_049619935.1
CP131773.1	3171	GCA_049619935.1
CP131774.1	4794889	GCA_049619985.1
CP131775.1	80072	GCA_049619985.1
CP131776.1	49559	GCA_049619985.1
CP131777.1	4831851	GCA_049620535.1
CP131778.1	100517	GCA_049620535.1
CP131779.1	3793	GCA_049620535.1
CP187229.1	4661507	GCA_049672895.1
CP187230.1	287574	GCA_049672895.1
CP187231.1	3071	GCA_049672895.1
CP187362.1	4681401	GCA_049810345.1
CP187363.1	110272	GCA_049810345.1
CP187559.1	4741909	GCA_049860555.1
CP187560.1	250469	GCA_049860555.1
CP189821.1	4792180	GCA_050217165.1
CP189822.1	98976	GCA_050217165.1
CP189823.1	37697	GCA_050217165.1
CP189824.1	5880	GCA_050217165.1
CP189879.1	5019081	GCA_050263195.1
CP189877.1	190695	GCA_050263195.1
CP189878.1	92256	GCA_050263195.1
CP162096.2	4847759	GCA_050598075.2
CP162099.2	93292	GCA_050598075.2
CP162098.2	6477	GCA_050598075.2
CP195668.1	5423	GCA_050598075.2
CP195669.1	4583	GCA_050598075.2
CP195667.1	87928	GCA_050598075.2
CP162097.2	237376	GCA_050598075.2
CP193499.1	4781033	GCA_050845885.1
CP193500.1	44338	GCA_050845885.1
CP155801.1	5116874	GCA_050859225.1
CP155802.1	178795	GCA_050859225.1
CP155803.1	6477	GCA_050859225.1
CP159171.1	5001042	GCA_050859275.1
CP159172.1	68815	GCA_050859275.1
CP159173.1	6477	GCA_050859275.1
CP159174.1	5632	GCA_050859275.1
CP159175.1	1888	GCA_050859275.1
CP159176.1	5001042	GCA_050859285.1
CP159177.1	68815	GCA_050859285.1
CP159178.1	6477	GCA_050859285.1
CP159179.1	5632	GCA_050859285.1
CP159180.1	1888	GCA_050859285.1
CP161837.1	5117867	GCA_050881565.1
CP161838.1	178452	GCA_050881565.1
CP161839.1	6477	GCA_050881565.1
CP161840.1	4840291	GCA_050881585.1
CP161841.1	149626	GCA_050881585.1
CP161842.1	68810	GCA_050881585.1
CP161843.1	6477	GCA_050881585.1
CP161844.1	5632	GCA_050881585.1
CP161845.1	5031	GCA_050881585.1
CP161846.1	1888	GCA_050881585.1
CP110865.1	4799609	GCA_050916245.1
CP110866.1	14386	GCA_050916245.1
CP110867.1	47394	GCA_050916245.1
CP110868.1	37269	GCA_050916245.1
CP168659.1	4771958	GCA_050920395.1
CP168660.1	59372	GCA_050920395.1
CP129885.1	4691387	GCA_050920565.1
CP129886.1	109611	GCA_050920565.1
CP129974.1	4691380	GCA_050920575.1
CP129975.1	47531	GCA_050920575.1
CP129976.1	54257	GCA_050920575.1
CP130151.1	4853274	GCA_050920625.1
CP100411.1	4567406	GCA_051013395.1
CP194844.1	4685138	GCA_051020485.1
CP194845.1	110273	GCA_051020485.1
CP194846.1	4685138	GCA_051020495.1
CP194847.1	110273	GCA_051020495.1
CP172410.1	4708812	GCA_051027365.1
CP172411.1	249436	GCA_051027365.1
CP172412.1	6477	GCA_051027365.1
CP172413.1	2742	GCA_051027365.1
CP185380.1	4679634	GCA_051059095.1
CP185381.1	96467	GCA_051059095.1
CP185382.1	59372	GCA_051059095.1
CP185383.1	35751	GCA_051059095.1
CP185384.1	2096	GCA_051059095.1
CP144268.1	4872919	GCA_051097185.1
CP195823.1	4676647	GCA_051471845.1
CP195824.1	94857	GCA_051471845.1
CP195825.1	92900	GCA_051471845.1
CP195826.1	4634	GCA_051471845.1
CP195827.1	2597	GCA_051471845.1
CP196402.1	4680731	GCA_051668715.1
CP196403.1	109445	GCA_051668715.1
CP196404.1	6114	GCA_051668715.1
CP196701.1	4971940	GCA_051861865.1
CP196703.1	2037	GCA_051861865.1
CP196702.1	107357	GCA_051861865.1
CP192515.1	4760751	GCA_051903955.1
CP192516.1	119713	GCA_051903955.1
CP192517.1	4784875	GCA_051903965.1
CP192518.1	190390	GCA_051903965.1
CP196754.1	4677442	GCA_051904745.1
CP196755.1	24484	GCA_051904745.1
CP197140.1	4808272	GCA_051995935.1
CP197141.1	120119	GCA_051995935.1
CP197142.1	108996	GCA_051995935.1
CP197143.1	6647	GCA_051995935.1
CP197144.1	4593	GCA_051995935.1
CP197159.1	4895007	GCA_051996245.1
CP197160.1	95631	GCA_051996245.1
CP197161.1	5055	GCA_051996245.1
CP197162.1	4593	GCA_051996245.1
CP197136.1	4927906	GCA_051996845.1
CP197137.1	98067	GCA_051996845.1
CP197138.1	58440	GCA_051996845.1
CP197139.1	5310	GCA_051996845.1
CP197146.1	4989763	GCA_051997185.1
CP197147.1	214496	GCA_051997185.1
CP197148.1	100886	GCA_051997185.1
CP197149.1	12090	GCA_051997185.1
CP197150.1	5758	GCA_051997185.1
CP197151.1	2419	GCA_051997185.1
CP197163.1	4992217	GCA_051997875.1
CP197164.1	228300	GCA_051997875.1
CP197165.1	100887	GCA_051997875.1
CP197166.1	4473	GCA_051997875.1
CP197145.1	4920319	GCA_051998265.1
CP197152.1	4991153	GCA_051998935.1
CP197153.1	229371	GCA_051998935.1
CP197154.1	4473	GCA_051998935.1
CP197155.1	4988593	GCA_051999245.1
CP197156.1	212479	GCA_051999245.1
CP197157.1	4757	GCA_051999245.1
CP197158.1	4473	GCA_051999245.1
CP159775.1	4780514	GCA_052050715.1
CP159776.1	216886	GCA_052050715.1
CP178588.1	4784476	GCA_052059855.1
CP178589.1	73895	GCA_052059855.1
CP178590.1	47497	GCA_052059855.1
CP197708.1	4868138	GCA_052229965.1
CP197709.1	89313	GCA_052229965.1
CP197710.1	60661	GCA_052229965.1
CP194258.1	4841093	GCA_052400725.1
CP194259.1	63589	GCA_052400725.1
CP194260.1	5728	GCA_052400725.1
CP194261.1	2121	GCA_052400725.1
CP194262.1	1983	GCA_052400725.1
CP194263.1	4841093	GCA_052400735.1
CP194264.1	63589	GCA_052400735.1
CP194265.1	5728	GCA_052400735.1
CP194266.1	2121	GCA_052400735.1
CP194267.1	1983	GCA_052400735.1
CP194273.1	4841094	GCA_052401025.1
CP194274.1	63589	GCA_052401025.1
CP194275.1	5728	GCA_052401025.1
CP194276.1	2121	GCA_052401025.1
CP194277.1	1983	GCA_052401025.1
CP194268.1	4840189	GCA_052401035.1
CP194269.1	63589	GCA_052401035.1
CP194270.1	5728	GCA_052401035.1
CP194271.1	2121	GCA_052401035.1
CP194272.1	1983	GCA_052401035.1
CP194278.1	4841094	GCA_052401285.1
CP194279.1	63589	GCA_052401285.1
CP194280.1	5728	GCA_052401285.1
CP194281.1	2121	GCA_052401285.1
CP194282.1	1983	GCA_052401285.1
CP194283.1	4840742	GCA_052401295.1
CP194284.1	63589	GCA_052401295.1
CP194285.1	5728	GCA_052401295.1
CP194286.1	2121	GCA_052401295.1
CP194287.1	1983	GCA_052401295.1
CP194288.1	4841095	GCA_052401545.1
CP194289.1	63589	GCA_052401545.1
CP194290.1	5728	GCA_052401545.1
CP194291.1	2121	GCA_052401545.1
CP194292.1	1983	GCA_052401545.1
CP194293.1	4841094	GCA_052401555.1
CP194294.1	63589	GCA_052401555.1
CP194295.1	5728	GCA_052401555.1
CP194296.1	2121	GCA_052401555.1
CP194297.1	1983	GCA_052401555.1
CP194298.1	4841095	GCA_052401815.1
CP194299.1	63589	GCA_052401815.1
CP194300.1	5728	GCA_052401815.1
CP194301.1	2121	GCA_052401815.1
CP194302.1	1983	GCA_052401815.1
CP194303.1	4841093	GCA_052401825.1
CP194304.1	63589	GCA_052401825.1
CP194305.1	5728	GCA_052401825.1
CP194306.1	2121	GCA_052401825.1
CP194307.1	1983	GCA_052401825.1
CP194308.1	4840188	GCA_052402075.1
CP194309.1	63589	GCA_052402075.1
CP194310.1	5728	GCA_052402075.1
CP194311.1	2121	GCA_052402075.1
CP194312.1	1983	GCA_052402075.1
CP194313.1	4841095	GCA_052402085.1
CP194314.1	63499	GCA_052402085.1
CP194315.1	5728	GCA_052402085.1
CP194316.1	2121	GCA_052402085.1
CP194317.1	1983	GCA_052402085.1
CP194318.1	4841872	GCA_052402355.1
CP194319.1	63589	GCA_052402355.1
CP194320.1	5728	GCA_052402355.1
CP194321.1	2121	GCA_052402355.1
CP194322.1	1983	GCA_052402355.1
CM127137.1	5023947	GCA_052537845.1
JBQWED010000002.1	1888	GCA_052537845.1
JBQWED010000001.1	277292	GCA_052537845.1
CM127799.1	4753985	GCA_052771625.1
JBRAXY010000002.1	13670	GCA_052771625.1
CM127803.1	4969506	GCA_052772885.1
JBREBI010000002.1	93378	GCA_052772885.1
JBREBI010000003.1	6840	GCA_052772885.1
JBREBI010000004.1	4073	GCA_052772885.1
JBREBI010000005.1	2442	GCA_052772885.1
CM127804.1	5036715	GCA_052772925.1
JBREBJ010000002.1	2442	GCA_052772925.1
CM127805.1	5026575	GCA_052772965.1
JBREBK010000002.1	164444	GCA_052772965.1
JBREBK010000003.1	5463	GCA_052772965.1
JBREBK010000004.1	3988	GCA_052772965.1
CM128333.1	4858016	GCA_052850035.1
JBQUNO010000002.1	125234	GCA_052850035.1
JBQUNO010000003.1	6863	GCA_052850035.1
CP159769.1	4966201	GCA_052975165.1
CP159770.1	181874	GCA_052975165.1
CP159771.1	4075	GCA_052975165.1
CP159772.1	4784320	GCA_052975175.1
CP159773.1	232926	GCA_052975175.1
CP159774.1	93960	GCA_052975175.1
CP162122.1	5062194	GCA_052975185.1
CP162123.1	82081	GCA_052975185.1
CP162124.1	3237	GCA_052975185.1
CP162125.1	5062193	GCA_053048045.1
CP162126.1	88525	GCA_053048045.1
CP162127.1	82081	GCA_053048045.1
CP162128.1	3242	GCA_053048045.1
CP189854.1	4784562	GCA_053048105.1
CP189855.1	74564	GCA_053048105.1
CP189856.1	46161	GCA_053048105.1
CP189857.1	2876	GCA_053048105.1
CP133198.1	4818219	GCA_053165995.1
CP133199.1	2749	GCA_053165995.1
CP133200.1	2985	GCA_053165995.1
CP133201.1	34827	GCA_053165995.1
CP133202.1	4467	GCA_053165995.1
CP133203.1	5087	GCA_053165995.1
CP133204.1	570	GCA_053165995.1
CM129935.1	4978368	GCA_053220415.1
JBRUUC010000002.1	3373	GCA_053220415.1
JBRUUC010000001.1	187186	GCA_053220415.1
CM129975.1	4737450	GCA_053283235.1
JBRYQW010000002.1	58472	GCA_053283235.1
JBRYQW010000004.1	6275	GCA_053283235.1
JBRYQW010000003.1	46161	GCA_053283235.1
CM129993.1	4889727	GCA_053294955.1
JBRXZJ010000001.1	93887	GCA_053294955.1
JBRXZJ010000002.1	63103	GCA_053294955.1
JBRXZJ010000003.1	32387	GCA_053294955.1
CP172825.1	4636928	GCA_053338755.1
CP191545.1	4898209	GCA_053338865.1
CP191546.1	226190	GCA_053338865.1
CP191547.1	3830	GCA_053338865.1
CP175687.1	4886585	GCA_053338875.1
CP175688.1	111842	GCA_053338875.1
CP175689.1	2552	GCA_053338875.1
CP175690.1	2442	GCA_053338875.1
CP175995.1	4862639	GCA_053338885.1
CP175996.1	242725	GCA_053338885.1
CP175997.1	3830	GCA_053338885.1
CP191498.1	4886064	GCA_053338895.1
CP191499.1	6477	GCA_053338895.1
CM130066.1	4982234	GCA_053375915.1
JBRZML010000002.1	260528	GCA_053375915.1
JBRZML010000003.1	98766	GCA_053375915.1
CM130085.1	4913518	GCA_053452905.1
JBSBGN010000002.1	41827	GCA_053452905.1
JBSBGN010000003.1	698	GCA_053452905.1
JBSBGN010000004.1	4819	GCA_053452905.1
JBSBGN010000005.1	680	GCA_053452905.1
CM142537.1	4883048	GCA_053541515.2
ACBLBR020000002.1	71607	GCA_053541515.2
ACBLBR020000003.1	50564	GCA_053541515.2
ACBLBR020000004.1	7539	GCA_053541515.2
ACBLBR020000005.1	3506	GCA_053541515.2
ACBLBR020000006.1	2295	GCA_053541515.2
CM132300.1	4793452	GCA_053711075.1
CM132593.1	4679995	GCA_053819065.1
JBSORM010000002.1	64327	GCA_053819065.1
JBSORM010000003.1	29336	GCA_053819065.1
CP193938.1	4726824	GCA_053834635.1
CP193939.1	318536	GCA_053834635.1
CP193940.1	4728306	GCA_053834645.1
CP193941.1	317297	GCA_053834645.1
CP193942.1	4726524	GCA_053834655.1
CP193943.1	311411	GCA_053834655.1
CP193944.1	4726528	GCA_053834665.1
CP193945.1	311413	GCA_053834665.1
CP193946.1	4727129	GCA_053834675.1
CP193947.1	318532	GCA_053834675.1
CP193950.1	4687002	GCA_053834685.1
CP193951.1	318553	GCA_053834685.1
CP193952.1	4726527	GCA_053834695.1
CP193953.1	318535	GCA_053834695.1
CP193948.1	4727130	GCA_053834705.1
CP193949.1	318540	GCA_053834705.1
CP193954.1	4687297	GCA_053834715.1
CP193955.1	318535	GCA_053834715.1
CP193958.1	4727110	GCA_053834725.1
CP193959.1	307317	GCA_053834725.1
CP193956.1	4726432	GCA_053834735.1
CP193957.1	311300	GCA_053834735.1
CP193960.1	4727111	GCA_053834745.1
CP193961.1	307319	GCA_053834745.1
CP193962.1	4727134	GCA_053834755.1
CP193963.1	318538	GCA_053834755.1
CP193964.1	4727121	GCA_053834765.1
CP193965.1	312246	GCA_053834765.1
CP193966.1	4727178	GCA_053834775.1
CP193967.1	311416	GCA_053834775.1
CP193968.1	4726865	GCA_053834785.1
CP193969.1	309622	GCA_053834785.1
CP193970.1	4727136	GCA_053834795.1
CP193971.1	316733	GCA_053834795.1
CP193972.1	69189	GCA_053834795.1
CP193973.1	4729887	GCA_053834805.1
CP193974.1	317548	GCA_053834805.1
CP193975.1	60885	GCA_053834805.1
CP193976.1	4727041	GCA_053834815.1
CP193977.1	318006	GCA_053834815.1
CP193978.1	4726922	GCA_053834825.1
CP193979.1	318019	GCA_053834825.1
CP193980.1	4727133	GCA_053834835.1
CP193981.1	317548	GCA_053834835.1
CM133368.1	4584995	GCA_054073055.1
AP044018.1	4803510	GCA_054095105.1
AP044019.1	4096	GCA_054095105.1
AP044015.1	4880099	GCA_054095155.1
AP044016.1	241362	GCA_054095155.1
AP044017.1	4215	GCA_054095155.1
AP044014.1	4849808	GCA_054095205.1
AP044013.1	4849627	GCA_054095215.1
CM135805.1	5001229	GCA_054300955.1
JBSAOL010000002.1	290340	GCA_054300955.1
JBSAOL010000003.1	5310	GCA_054300955.1
CM135806.1	4987494	GCA_054300975.1
JBSAOM010000002.1	91540	GCA_054300975.1
JBSAOM010000003.1	5055	GCA_054300975.1
JBSAOM010000004.1	3751	GCA_054300975.1
JBSAOM010000005.1	3319	GCA_054300975.1
CM135807.1	5037271	GCA_054301015.1
CM135808.1	4998623	GCA_054301075.1
JBSAOP010000001.1	93846	GCA_054301075.1
JBSAOP010000003.1	6501	GCA_054301075.1
CM136808.1	4845634	GCA_054439675.1
JBRYZA010000002.1	46876	GCA_054439675.1
JBRYZA010000003.1	34148	GCA_054439675.1
CM136809.1	4880147	GCA_054439695.1
JBRYQL010000002.1	46950	GCA_054439695.1
CM136810.1	4879466	GCA_054439715.1
JBRYZF010000002.1	46950	GCA_054439715.1
CP171405.1	4804203	GCA_054506845.1
CP175711.1	4884976	GCA_054733495.1
CP175712.1	6477	GCA_054733495.1
CP175713.1	5088	GCA_054733495.1
CP175714.1	4056	GCA_054733495.1
CP175715.1	4869415	GCA_054733885.1
CP175716.1	5088	GCA_054733885.1
CP175717.1	5015	GCA_054733885.1
CP175718.1	4087	GCA_054733885.1
CP175719.1	1982	GCA_054733885.1
CP174483.1	4931663	GCA_054734275.1
CP174484.1	103079	GCA_054734275.1
CP174485.1	60973	GCA_054734275.1
CP174486.1	6477	GCA_054734275.1
CP174487.1	4234	GCA_054734275.1
CP174488.1	4922493	GCA_054734525.1
CP174489.1	87790	GCA_054734525.1
CP174490.1	3877	GCA_054734525.1
CP174491.1	4923101	GCA_054734815.1
CP174492.1	103446	GCA_054734815.1
CP174493.1	13725	GCA_054734815.1
CM141444.1	5021704	GCA_054849765.1
JBTWSV010000002.1	109402	GCA_054849765.1
JBTWSV010000003.1	52181	GCA_054849765.1
JBTWSV010000004.1	43847	GCA_054849765.1
CM141445.1	5000387	GCA_054849775.1
JBTWSU010000002.1	268917	GCA_054849775.1
JBTWSU010000003.1	40085	GCA_054849775.1
CM141446.1	5024037	GCA_054849805.1
JBTWSW010000002.1	86073	GCA_054849805.1
JBTWSW010000003.1	11403	GCA_054849805.1
JBTWSW010000004.1	10288	GCA_054849805.1
CM142190.1	4994585	GCA_054880995.1
CM142191.1	4997269	GCA_054881015.1
JBTYMG010000002.1	89100	GCA_054881015.1
JBTYMG010000003.1	5310	GCA_054881015.1
JBTYMG010000004.1	5055	GCA_054881015.1
JBTYMG010000005.1	3751	GCA_054881015.1
CM142192.1	5071539	GCA_054881025.1
JBTYMB010000002.1	102194	GCA_054881025.1
CM142700.1	4685823	GCA_054896005.1
JBUCOE010000002.1	59368	GCA_054896005.1
CM142751.1	4659233	GCA_054901755.1
CM142752.1	4659293	GCA_054901775.1
CM142753.1	4659040	GCA_054901815.1
CM142754.1	4692739	GCA_054901835.1
CM142756.1	4692710	GCA_054901875.1
CM143124.1	4679990	GCA_054953405.1
CM143397.1	4731405	GCA_054963555.1
LT571437.1	4756780	GCA_900086565.1
LT855376.1	4811399	GCA_900184385.1
LT855377.1	93862	GCA_900184385.1
LT882486.1	4733003	GCA_900185485.1
LT882487.1	79940	GCA_900185485.1
LT905060.2	4795368	GCA_900205245.2
LT906491.1	215784	GCA_900205245.2
LT905064.1	4765638	GCA_900205255.1
LT905063.1	4795199	GCA_900205265.1
LT905062.1	4676595	GCA_900205275.1
LT905143.1	4618754	GCA_900205295.1
LS483419.1	4707477	GCA_900475825.1
LS483428.1	4787620	GCA_900475895.1
LS483434.1	4791042	GCA_900475965.1
LS483453.1	4644636	GCA_900477885.1
LS483455.1	4563000	GCA_900477895.1
LS483457.1	4626672	GCA_900477905.1
LS483463.1	4638063	GCA_900477925.1
LS483456.1	5118272	GCA_900477985.1
LS483454.1	4907449	GCA_900477995.1
LS483465.1	5029670	GCA_900478065.1
LS483475.1	4732250	GCA_900478195.1
LS483481.1	4627083	GCA_900478205.1
LS483478.1	4624613	GCA_900478215.1
LS483477.1	4883767	GCA_900478225.1
LS483479.1	4630342	GCA_900478235.1
LR134159.1	4867363	GCA_900635725.1
LR134232.1	4723444	GCA_900636155.1
LR590081.1	4839011	GCA_901457615.1
LR590082.1	4837118	GCA_901457625.1
LR861808.1	4916754	GCA_903989485.1
LR862421.1	4881179	GCA_903992995.2
LR881463.1	4899267	GCA_904129595.1
LR881464.1	93927	GCA_904129595.1
OU015340.1	5103951	GCA_907163145.1
OU015341.1	133718	GCA_907163145.1
OU015325.1	5002113	GCA_907163165.1
OU015326.1	216909	GCA_907163165.1
OU015327.1	93296	GCA_907163165.1
OU015323.1	5108534	GCA_907163175.1
OU015324.1	123084	GCA_907163175.1
OU015337.1	5041177	GCA_907163185.1
OU015338.1	252248	GCA_907163185.1
OU015339.1	7769	GCA_907163185.1
OU015328.1	4893806	GCA_907163195.1
OU015329.1	262389	GCA_907163195.1
OU015330.1	69651	GCA_907163195.1
OU015331.1	2640	GCA_907163195.1
OU015332.1	2230	GCA_907163195.1
OU015333.1	2137	GCA_907163195.1
OU015334.1	4993648	GCA_907163235.1
OU015335.1	226709	GCA_907163235.1
OU015336.1	94179	GCA_907163235.1
OU015342.1	4997841	GCA_907163245.1
OU015343.1	4251	GCA_907163245.1
OU015344.1	2089	GCA_907163245.1
OW704291.1	4783830	GCA_940596495.1
OW704627.1	4775892	GCA_940599845.1
OW706512.1	4790681	GCA_940618755.1
OW706648.1	4789758	GCA_940620125.1
OW707734.1	4790262	GCA_940631035.1
OX442403.1	4790899	GCA_949361515.1
OX442404.1	277357	GCA_949361515.1
OX442405.1	93619	GCA_949361515.1
OX442406.1	5087	GCA_949361515.1
OX442412.1	5014670	GCA_949361545.1
OY754829.1	4990774	GCA_963575755.1
OY754830.1	232110	GCA_963575755.1
OY754831.1	133900	GCA_963575755.1
OY754832.1	6659	GCA_963575755.1
OY754833.1	4066	GCA_963575755.1
OY754839.1	4678847	GCA_963575775.1
OY754840.1	288977	GCA_963575775.1
OZ184404.1	4822303	GCA_964266765.1
OZ184487.1	4898050	GCA_964266785.1
OZ184489.1	4758540	GCA_964266795.1
OZ184485.1	4939306	GCA_964266805.1
OZ184488.1	4754275	GCA_964266815.1
OZ184486.1	4837818	GCA_964266835.1
OZ184490.1	4866498	GCA_964266875.1
OZ184491.1	4759686	GCA_964266895.1
OZ184492.1	4831246	GCA_964266925.1
OZ184497.1	4805512	GCA_964267015.1
OZ184495.1	4760441	GCA_964267025.1
OZ184494.1	4937135	GCA_964267065.1
OZ184493.1	4816434	GCA_964267095.1
OZ184496.1	4867110	GCA_964267105.1
OZ184498.1	4833841	GCA_964267125.1
OZ184499.1	4856160	GCA_964267155.1
OZ261657.1	4939870	GCA_965318305.1
OZ261658.1	176501	GCA_965318305.1
OZ261659.1	87450	GCA_965318305.1
OZ261660.1	5251	GCA_965318305.1
OZ261661.1	3608	GCA_965318305.1
OZ261662.1	2301	GCA_965318305.1
OZ261663.1	1780	GCA_965318305.1
OZ261664.1	4972906	GCA_965318675.1
OZ261665.1	257870	GCA_965318675.1
OZ261666.1	108635	GCA_965318675.1
